absolute_path,file_name,file_type,sheet_names,max_rows_cols_per_sheet,contains_cc_1412000040,contains_5005026371,contains_5005116291,contains_5005116292,contains_5005066281,contains_5005066282,contains_5005056281,contains_5005046281,contains_Apr_Mar_month_structure,looks_like,evidence_summary
D:\Sandbox\MP2027\raw\Cải tiến nhập dữ liệu chung vào file MPnew 04.06.2026.xlsx,Cải tiến nhập dữ liệu chung vào file MPnew 04.06.2026.xlsx,requirement,"Sheet1; Hạng mục cần cải tiến; Chi phí hệ thống; Chi phí khấu hao, lãi nhà đất; Chi phí tài sản cố định; Chi phí làm giấy tờ cho NNN; Chi phí sinh nhật; Chi phí phân bổ từ hành chính ; 勘定科目; 原価センタ","Sheet1:55x2; Hạng mục cần cải tiến:186x11; Chi phí hệ thống:97x9; Chi phí khấu hao, lãi nhà đất:131x17; Chi phí tài sản cố định:66x21; Chi phí làm giấy tờ cho NNN:24x17; Chi phí sinh nhật:48x16; Chi phí phân bổ từ hành chính :210x19; 勘定科目:244x9; 原価センタ:66x5",YES,YES,YES,YES,YES,YES,YES,YES,YES,requirement,text scan sampled first 300 rows/sheet
D:\Sandbox\MP2027\raw\requirements\Cải tiến nhập dữ liệu chung vào file MPnew 04.06.2026.xlsx,Cải tiến nhập dữ liệu chung vào file MPnew 04.06.2026.xlsx,requirement,"Sheet1; Hạng mục cần cải tiến; Chi phí hệ thống; Chi phí khấu hao, lãi nhà đất; Chi phí tài sản cố định; Chi phí làm giấy tờ cho NNN; Chi phí sinh nhật; Chi phí phân bổ từ hành chính ; 勘定科目; 原価センタ","Sheet1:55x2; Hạng mục cần cải tiến:186x11; Chi phí hệ thống:97x9; Chi phí khấu hao, lãi nhà đất:131x17; Chi phí tài sản cố định:66x21; Chi phí làm giấy tờ cho NNN:24x17; Chi phí sinh nhật:48x16; Chi phí phân bổ từ hành chính :210x19; 勘定科目:244x9; 原価センタ:66x5",YES,YES,YES,YES,YES,YES,YES,YES,YES,requirement,text scan sampled first 300 rows/sheet
D:\Sandbox\MP2027\docs\MP2027\Cải tiến nhập dữ liệu chung vào file MPnew 04.06.2026.xlsx,Cải tiến nhập dữ liệu chung vào file MPnew 04.06.2026.xlsx,requirement,"Sheet1; Hạng mục cần cải tiến; Chi phí hệ thống; Chi phí khấu hao, lãi nhà đất; Chi phí tài sản cố định; Chi phí làm giấy tờ cho NNN; Chi phí sinh nhật; Chi phí phân bổ từ hành chính ; 勘定科目; 原価センタ","Sheet1:55x2; Hạng mục cần cải tiến:186x11; Chi phí hệ thống:97x9; Chi phí khấu hao, lãi nhà đất:131x17; Chi phí tài sản cố định:66x21; Chi phí làm giấy tờ cho NNN:24x17; Chi phí sinh nhật:48x16; Chi phí phân bổ từ hành chính :210x19; 勘定科目:244x9; 原価センタ:66x5",YES,YES,YES,YES,YES,YES,YES,YES,YES,requirement,text scan sampled first 300 rows/sheet
D:\Sandbox\MP2027\raw\Cải tiến nhập dữ liệu chung vào file MPnew 04.06.2026_ảnh.xlsx,Cải tiến nhập dữ liệu chung vào file MPnew 04.06.2026_ảnh.xlsx,requirement,"Sheet1; Hạng mục cần cải tiến; Chi phí hệ thống; Chi phí khấu hao, lãi nhà đất; Chi phí tài sản cố định; Chi phí làm giấy tờ cho NNN; Chi phí sinh nhật; Chi phí phân bổ từ hành chính ; 勘定科目; 原価センタ","Sheet1:1x1; Hạng mục cần cải tiến:1x1; Chi phí hệ thống:1x1; Chi phí khấu hao, lãi nhà đất:1x1; Chi phí tài sản cố định:1x1; Chi phí làm giấy tờ cho NNN:1x1; Chi phí sinh nhật:1x1; Chi phí phân bổ từ hành chính :1x1; 勘定科目:244x9; 原価センタ:66x5",YES,YES,YES,YES,YES,YES,YES,YES,YES,requirement,text scan sampled first 300 rows/sheet
D:\Sandbox\MP2027\raw\requirements\Cải tiến nhập dữ liệu chung vào file MPnew 04.06.2026_ảnh.xlsx,Cải tiến nhập dữ liệu chung vào file MPnew 04.06.2026_ảnh.xlsx,requirement,"Sheet1; Hạng mục cần cải tiến; Chi phí hệ thống; Chi phí khấu hao, lãi nhà đất; Chi phí tài sản cố định; Chi phí làm giấy tờ cho NNN; Chi phí sinh nhật; Chi phí phân bổ từ hành chính ; 勘定科目; 原価センタ","Sheet1:1x1; Hạng mục cần cải tiến:1x1; Chi phí hệ thống:1x1; Chi phí khấu hao, lãi nhà đất:1x1; Chi phí tài sản cố định:1x1; Chi phí làm giấy tờ cho NNN:1x1; Chi phí sinh nhật:1x1; Chi phí phân bổ từ hành chính :1x1; 勘定科目:244x9; 原価センタ:66x5",YES,YES,YES,YES,YES,YES,YES,YES,YES,requirement,text scan sampled first 300 rows/sheet
D:\Sandbox\MP2027\docs\MP2027\Cải tiến nhập dữ liệu chung vào file MPnew 04.06.2026_ảnh.xlsx,Cải tiến nhập dữ liệu chung vào file MPnew 04.06.2026_ảnh.xlsx,requirement,"Sheet1; Hạng mục cần cải tiến; Chi phí hệ thống; Chi phí khấu hao, lãi nhà đất; Chi phí tài sản cố định; Chi phí làm giấy tờ cho NNN; Chi phí sinh nhật; Chi phí phân bổ từ hành chính ; 勘定科目; 原価センタ","Sheet1:1x1; Hạng mục cần cải tiến:1x1; Chi phí hệ thống:1x1; Chi phí khấu hao, lãi nhà đất:1x1; Chi phí tài sản cố định:1x1; Chi phí làm giấy tờ cho NNN:1x1; Chi phí sinh nhật:1x1; Chi phí phân bổ từ hành chính :1x1; 勘定科目:244x9; 原価センタ:66x5",YES,YES,YES,YES,YES,YES,YES,YES,YES,requirement,text scan sampled first 300 rows/sheet
D:\Sandbox\MP2027\docs\requirements\cai_tien_nhap_du_lieu_chung.md,cai_tien_nhap_du_lieu_chung.md,requirement,csv/md,lines:1855,NO,NO,NO,NO,NO,NO,NO,NO,YES,requirement,text scan sampled first 300 rows/sheet
D:\Sandbox\MP2027\raw\source_file_order.csv,source_file_order.csv,requirement,csv/md,lines:10,NO,NO,NO,NO,NO,NO,NO,NO,YES,requirement,text scan sampled first 300 rows/sheet
D:\Sandbox\MP2027\raw\source_file_order.xlsx,source_file_order.xlsx,requirement,source_file_order,source_file_order:10x5,NO,NO,NO,NO,NO,NO,NO,NO,YES,requirement,text scan sampled first 300 rows/sheet
D:\Sandbox\MP2027\raw\施設課　MPFY2027.xlsx,施設課　MPFY2027.xlsx,raw_input,減価償却費（Depreciation）; 固定資産金利（Interest）; 水道光熱費（Electric & Water）; B&L; E&W,減価償却費（Depreciation）:136x15; 固定資産金利（Interest）:136x15; 水道光熱費（Electric & Water）:137x15; B&L:87x63; E&W:129x30,YES,NO,NO,NO,NO,NO,NO,NO,NO,raw_source,text scan sampled first 300 rows/sheet
D:\Sandbox\MP2027\raw\固定資産情報_Fixed_Assets_Information_2025.11 - Nov.xlsx,固定資産情報_Fixed_Assets_Information_2025.11 - Nov.xlsx,raw_input,2025.11; Fixed assets list; Sheet1; KDTVN - useful life; Useful life; Calculate Depr&Interest FA; Planned Depreciation,2025.11:1271x25; Fixed assets list:9382x23; Sheet1:8783x17; KDTVN - useful life:275x9; Useful life:66x4; Calculate Depr&Interest FA:52x16; Planned Depreciation:8662x18,NO,NO,NO,NO,NO,NO,NO,NO,YES,source_master,text scan sampled first 300 rows/sheet
D:\Sandbox\MP2027\raw\システム課金金額(Simulation)_FY2027_Apr.2026 ~ June.2026.xls,システム課金金額(Simulation)_FY2027_Apr.2026 ~ June.2026.xls,raw_input,部門別サマリー(VND); 部門別サマリー (USD); VPN 明細; メール 明細; R3明細; MES 明細; PLM明細; QLIK SENSE 明細; VPS明細; AMS明細,部門別サマリー(VND):67x14; 部門別サマリー (USD):67x12; VPN 明細:45x13; メール 明細:760x13; R3明細:147x12; MES 明細:352x12; PLM明細:18x12; QLIK SENSE 明細:10x11; VPS明細:198x12; AMS明細:11x7,YES,NO,NO,NO,NO,NO,NO,NO,YES,raw_source,text scan sampled first 300 rows/sheet
D:\Sandbox\MP2027\raw\総務課 FY2027 MP 振替予定.xlsx,総務課 FY2027 MP 振替予定.xlsx,raw_input,"FY2027予定; Cách tính phân bổ 振替計算; cách tính Gas; Số ngày xe bus ; Tính NRT, GVS (2); Tính gas; Tính NRT, GVS; Tính bus VN; Dự kiến tuyển dụng; Số ngày xe bus","FY2027予定:20x19; Cách tính phân bổ 振替計算:48x21; cách tính Gas:25x13; Số ngày xe bus :42x13; Tính NRT, GVS (2):48x15; Tính gas:13x13; Tính NRT, GVS:50x15; Tính bus VN:83x16; Dự kiến tuyển dụng:5x14; Số ngày xe bus:33x13",NO,NO,NO,NO,NO,NO,YES,NO,YES,raw_source,text scan sampled first 300 rows/sheet
D:\Sandbox\MP2027\raw\Sinh nhật MP FY2027.xlsx,Sinh nhật MP FY2027.xlsx,raw_input,Sinh nhật MP FY2027,Sinh nhật MP FY2027:65x21,YES,NO,NO,NO,NO,NO,NO,NO,YES,raw_source,text scan sampled first 300 rows/sheet
D:\Sandbox\MP2027\raw\FY2027配賦額一覧 (2025.12.29).xlsx,FY2027配賦額一覧 (2025.12.29).xlsx,raw_input,配賦額一覧; FY2027配賦額一覧,配賦額一覧:85x11; FY2027配賦額一覧:81x10,NO,NO,YES,YES,NO,NO,YES,NO,YES,raw_source,text scan sampled first 300 rows/sheet
D:\Sandbox\MP2027\raw\Dự tính chi phí làm giấy tờ cho NNN FY2027.xlsx,Dự tính chi phí làm giấy tờ cho NNN FY2027.xlsx,raw_input,FY2027,FY2027:47x18,YES,NO,NO,NO,NO,NO,NO,NO,YES,raw_source,text scan sampled first 300 rows/sheet
D:\Sandbox\MP2027\raw\event_drivers_manual.csv,event_drivers_manual.csv,manual_csv,csv/md,lines:1,NO,NO,NO,NO,NO,NO,NO,NO,NO,source_master,text scan sampled first 300 rows/sheet
D:\Sandbox\MP2027\raw\special_costs_manual.csv,special_costs_manual.csv,manual_csv,csv/md,lines:1,NO,NO,NO,NO,NO,NO,NO,NO,NO,source_master,text scan sampled first 300 rows/sheet
D:\Sandbox\MP2027\raw\headcount_manual.csv,headcount_manual.csv,manual_csv,csv/md,lines:17,NO,NO,NO,NO,NO,NO,NO,NO,NO,source_master,text scan sampled first 300 rows/sheet
D:\Sandbox\MP2027\raw\FORM.xlsx,FORM.xlsx,template,採算表(USD); 採算表(VND); 内訳ﾘｽﾄ(4～3月); 設備投資計画; 勘定科目; 原価センタ; 稼働日,採算表(USD):99x15; 採算表(VND):99x61; 内訳ﾘｽﾄ(4～3月):1015x55; 設備投資計画:55x19; 勘定科目:244x9; 原価センタ:66x5; 稼働日:14x2,YES,YES,YES,YES,YES,YES,YES,YES,YES,skeleton_template,has 内訳ﾘｽﾄ(4～3月)
D:\Sandbox\MP2027\reference_outputs\primary\16.KDTVN 電気製造技術課_MP FY2027_各予定(Ver01).xlsx,16.KDTVN 電気製造技術課_MP FY2027_各予定(Ver01).xlsx,primary_reference,採算表(USD); 採算表(VND); 内訳ﾘｽﾄ(4～3月); 設備投資計画; 勘定科目; 原価センタ; 稼働日,採算表(USD):99x15; 採算表(VND):99x61; 内訳ﾘｽﾄ(4～3月):1000x55; 設備投資計画:55x19; 勘定科目:244x9; 原価センタ:64x5; 稼働日:14x2,YES,YES,YES,YES,YES,YES,YES,YES,YES,generated_output_reference,has 内訳ﾘｽﾄ(4～3月)
D:\Sandbox\MP2027\docs\MP2027\Dự tính chi phí làm giấy tờ cho NNN FY2027.xlsx,Dự tính chi phí làm giấy tờ cho NNN FY2027.xlsx,raw_input,FY2027,FY2027:47x18,YES,NO,NO,NO,NO,NO,NO,NO,YES,raw_source,text scan sampled first 300 rows/sheet
D:\Sandbox\MP2027\docs\MP2027\event_drivers_manual.csv,event_drivers_manual.csv,raw_input,csv/md,lines:1,NO,NO,NO,NO,NO,NO,NO,NO,NO,source_master,text scan sampled first 300 rows/sheet
D:\Sandbox\MP2027\docs\MP2027\FORM.xlsx,FORM.xlsx,raw_input,採算表(USD); 採算表(VND); 内訳ﾘｽﾄ(4～3月); 設備投資計画; 勘定科目; 原価センタ; 稼働日,採算表(USD):99x15; 採算表(VND):99x61; 内訳ﾘｽﾄ(4～3月):1015x55; 設備投資計画:55x19; 勘定科目:244x9; 原価センタ:66x5; 稼働日:14x2,YES,YES,YES,YES,YES,YES,YES,YES,YES,generated_output_reference,has 内訳ﾘｽﾄ(4～3月)
D:\Sandbox\MP2027\docs\MP2027\FY2027配賦額一覧 (2025.12.29).xlsx,FY2027配賦額一覧 (2025.12.29).xlsx,raw_input,配賦額一覧; FY2027配賦額一覧,配賦額一覧:85x11; FY2027配賦額一覧:81x10,NO,NO,YES,YES,NO,NO,YES,NO,YES,raw_source,text scan sampled first 300 rows/sheet
D:\Sandbox\MP2027\docs\MP2027\headcount_manual.csv,headcount_manual.csv,raw_input,csv/md,lines:17,NO,NO,NO,NO,NO,NO,NO,NO,NO,source_master,text scan sampled first 300 rows/sheet
D:\Sandbox\MP2027\docs\MP2027\Sinh nhật MP FY2027.xlsx,Sinh nhật MP FY2027.xlsx,raw_input,Sinh nhật MP FY2027,Sinh nhật MP FY2027:65x21,YES,NO,NO,NO,NO,NO,NO,NO,YES,raw_source,text scan sampled first 300 rows/sheet
D:\Sandbox\MP2027\docs\MP2027\source_file_order.csv,source_file_order.csv,raw_input,csv/md,lines:10,NO,NO,NO,NO,NO,NO,NO,NO,YES,source_master,text scan sampled first 300 rows/sheet
D:\Sandbox\MP2027\docs\MP2027\source_file_order.xlsx,source_file_order.xlsx,raw_input,source_file_order,source_file_order:10x5,NO,NO,NO,NO,NO,NO,NO,NO,YES,source_master,text scan sampled first 300 rows/sheet
D:\Sandbox\MP2027\docs\MP2027\special_costs_manual.csv,special_costs_manual.csv,raw_input,csv/md,lines:1,NO,NO,NO,NO,NO,NO,NO,NO,NO,source_master,text scan sampled first 300 rows/sheet
D:\Sandbox\MP2027\docs\MP2027\システム課金金額(Simulation)_FY2027_Apr.2026 ~ June.2026.xls,システム課金金額(Simulation)_FY2027_Apr.2026 ~ June.2026.xls,raw_input,部門別サマリー(VND); 部門別サマリー (USD); VPN 明細; メール 明細; R3明細; MES 明細; PLM明細; QLIK SENSE 明細; VPS明細; AMS明細,部門別サマリー(VND):67x14; 部門別サマリー (USD):67x12; VPN 明細:45x13; メール 明細:760x13; R3明細:147x12; MES 明細:352x12; PLM明細:18x12; QLIK SENSE 明細:10x11; VPS明細:198x12; AMS明細:11x7,YES,NO,NO,NO,NO,NO,NO,NO,YES,raw_source,text scan sampled first 300 rows/sheet
D:\Sandbox\MP2027\docs\MP2027\システム課金金額(Simulation)_FY2027_Jan.2027 ~ March.2027(Change SAP price).xls,システム課金金額(Simulation)_FY2027_Jan.2027 ~ March.2027(Change SAP price).xls,raw_input,部門別サマリー(VND); 部門別サマリー (USD); VPN 明細; メール 明細; R3明細; MES 明細; PLM明細; QLIK SENSE 明細; VPS明細; AMS明細,部門別サマリー(VND):66x14; 部門別サマリー (USD):66x12; VPN 明細:45x13; メール 明細:760x13; R3明細:147x12; MES 明細:352x12; PLM明細:18x12; QLIK SENSE 明細:10x11; VPS明細:198x12; AMS明細:10x7,YES,NO,NO,NO,NO,NO,NO,NO,YES,raw_source,text scan sampled first 300 rows/sheet
D:\Sandbox\MP2027\docs\MP2027\システム課金金額(Simulation)_FY2027_July.2026 ~ Dec.2026(Change AMS & PLM price).xls,システム課金金額(Simulation)_FY2027_July.2026 ~ Dec.2026(Change AMS & PLM price).xls,raw_input,部門別サマリー(VND); 部門別サマリー (USD); VPN 明細; メール 明細; R3明細; MES 明細; PLM明細; QLIK SENSE 明細; VPS明細; AMS明細,部門別サマリー(VND):66x14; 部門別サマリー (USD):66x12; VPN 明細:45x13; メール 明細:760x13; R3明細:147x12; MES 明細:352x12; PLM明細:18x12; QLIK SENSE 明細:10x11; VPS明細:198x12; AMS明細:10x7,YES,NO,NO,NO,NO,NO,NO,NO,YES,raw_source,text scan sampled first 300 rows/sheet
D:\Sandbox\MP2027\docs\MP2027\固定資産情報_Fixed_Assets_Information_2025.11 - Nov.xlsx,固定資産情報_Fixed_Assets_Information_2025.11 - Nov.xlsx,raw_input,2025.11; Fixed assets list; Sheet1; KDTVN - useful life; Useful life; Calculate Depr&Interest FA; Planned Depreciation,2025.11:1271x25; Fixed assets list:9382x23; Sheet1:8783x17; KDTVN - useful life:275x9; Useful life:66x4; Calculate Depr&Interest FA:52x16; Planned Depreciation:8662x18,NO,NO,NO,NO,NO,NO,NO,NO,YES,source_master,text scan sampled first 300 rows/sheet
D:\Sandbox\MP2027\docs\MP2027\施設課　MPFY2027.xlsx,施設課　MPFY2027.xlsx,raw_input,減価償却費（Depreciation）; 固定資産金利（Interest）; 水道光熱費（Electric & Water）; B&L; E&W,減価償却費（Depreciation）:136x15; 固定資産金利（Interest）:136x15; 水道光熱費（Electric & Water）:137x15; B&L:87x63; E&W:129x30,YES,NO,NO,NO,NO,NO,NO,NO,NO,raw_source,text scan sampled first 300 rows/sheet
D:\Sandbox\MP2027\docs\MP2027\総務課 FY2027 MP 振替予定.xlsx,総務課 FY2027 MP 振替予定.xlsx,raw_input,"FY2027予定; Cách tính phân bổ 振替計算; cách tính Gas; Số ngày xe bus ; Tính NRT, GVS (2); Tính gas; Tính NRT, GVS; Tính bus VN; Dự kiến tuyển dụng; Số ngày xe bus","FY2027予定:20x19; Cách tính phân bổ 振替計算:48x21; cách tính Gas:25x13; Số ngày xe bus :42x13; Tính NRT, GVS (2):48x15; Tính gas:13x13; Tính NRT, GVS:50x15; Tính bus VN:83x16; Dự kiến tuyển dụng:5x14; Số ngày xe bus:33x13",NO,NO,NO,NO,NO,NO,YES,NO,YES,raw_source,text scan sampled first 300 rows/sheet
D:\Sandbox\MP2027\docs\MP2027\old\FORM_old.xlsx,FORM_old.xlsx,raw_input,採算表(USD); 採算表(VND); 内訳ﾘｽﾄ(4～3月); 設備投資計画; 勘定科目; 原価センタ; 稼働日,採算表(USD):99x15; 採算表(VND):99x61; 内訳ﾘｽﾄ(4～3月):1000x55; 設備投資計画:55x19; 勘定科目:244x9; 原価センタ:64x5; 稼働日:14x2,YES,YES,YES,YES,YES,YES,YES,YES,YES,generated_output_reference,has 内訳ﾘｽﾄ(4～3月)
D:\Sandbox\MP2027\reference_outputs\secondary\FY2027\01.KDTVN 機器製造1課　_MP FY2027_各予定(Ver01).xlsx,01.KDTVN 機器製造1課　_MP FY2027_各予定(Ver01).xlsx,secondary_reference,採算表(USD); 採算表(VND); 内訳ﾘｽﾄ(4～3月); 設備投資計画; 勘定科目; 原価センタ; 稼働日,採算表(USD):99x15; 採算表(VND):99x61; 内訳ﾘｽﾄ(4～3月):1001x54; 設備投資計画:55x19; 勘定科目:244x9; 原価センタ:64x5; 稼働日:14x2,YES,YES,YES,YES,YES,YES,YES,YES,YES,generated_output_reference,has 内訳ﾘｽﾄ(4～3月)
D:\Sandbox\MP2027\reference_outputs\secondary\FY2027\02.KDTVN 機器製造２課　_MP FY2027_各予定(Ver01).xlsx,02.KDTVN 機器製造２課　_MP FY2027_各予定(Ver01).xlsx,secondary_reference,採算表(USD); 採算表(VND); 内訳ﾘｽﾄ(4～3月); 設備投資計画; 勘定科目; 原価センタ; 稼働日,採算表(USD):99x15; 採算表(VND):99x61; 内訳ﾘｽﾄ(4～3月):1000x63; 設備投資計画:55x19; 勘定科目:244x9; 原価センタ:64x5; 稼働日:14x2,YES,YES,YES,YES,YES,YES,YES,YES,YES,generated_output_reference,has 内訳ﾘｽﾄ(4～3月)
D:\Sandbox\MP2027\reference_outputs\secondary\FY2027\03.KDTVN 機器製造管理課_MP FY2027_各予定(Ver01).xlsx,03.KDTVN 機器製造管理課_MP FY2027_各予定(Ver01).xlsx,secondary_reference,採算表(USD); 採算表(VND); 内訳ﾘｽﾄ(4～3月); 設備投資計画; 勘定科目; 原価センタ; 稼働日,採算表(USD):99x15; 採算表(VND):99x61; 内訳ﾘｽﾄ(4～3月):1001x55; 設備投資計画:55x19; 勘定科目:244x9; 原価センタ:64x5; 稼働日:14x2,YES,YES,YES,YES,YES,YES,YES,YES,YES,generated_output_reference,has 内訳ﾘｽﾄ(4～3月)
D:\Sandbox\MP2027\reference_outputs\secondary\FY2027\04.KDTVN トナー製造課_MP FY2027_各予定(Ver01).xlsx,04.KDTVN トナー製造課_MP FY2027_各予定(Ver01).xlsx,secondary_reference,採算表(USD); 採算表(VND); 内訳ﾘｽﾄ(4～3月); Sheet1; Hàng tiêu hao; 設備投資計画; 設備投資計画 (Kế hoạch kỳ trước); 設備投資計画 (kế hoạch mới); 固定資産 詳細; Khuôn; Mr bắc; 勘定科目; 原価センタ; 稼働日; Hàng MCC; Mr Thao; Chi phí trung bình kỳ trước,採算表(USD):99x15; 採算表(VND):99x61; 内訳ﾘｽﾄ(4～3月):1044x63; Sheet1:9x13; Hàng tiêu hao:61x29; 設備投資計画:55x19; 設備投資計画 (Kế hoạch kỳ trước):55x12; 設備投資計画 (kế hoạch mới):54x12; 固定資産 詳細:47x20; Khuôn:39x18; Mr bắc:20x7; 勘定科目:244x9; 原価センタ:64x5; 稼働日:14x3; Hàng MCC:28x31; Mr Thao:49x21; Chi phí trung bình kỳ trước:34x18,YES,YES,YES,YES,YES,YES,YES,YES,YES,generated_output_reference,has 内訳ﾘｽﾄ(4～3月)
D:\Sandbox\MP2027\reference_outputs\secondary\FY2027\05.KDTVN トナー生産技術課_MP FY2027_各予定(Ver01).xlsx,05.KDTVN トナー生産技術課_MP FY2027_各予定(Ver01).xlsx,secondary_reference,採算表(USD); 採算表(VND); 内訳ﾘｽﾄ(4～3月); 設備投資計画; 勘定科目; 原価センタ; 稼働日,採算表(USD):99x15; 採算表(VND):99x61; 内訳ﾘｽﾄ(4～3月):77x55; 設備投資計画:55x19; 勘定科目:244x9; 原価センタ:64x5; 稼働日:14x2,YES,YES,YES,YES,YES,YES,YES,YES,YES,generated_output_reference,has 内訳ﾘｽﾄ(4～3月)
D:\Sandbox\MP2027\reference_outputs\secondary\FY2027\06.KDTVN トナー品質管理課　_MP FY2027_各予定(Ver01).xlsx,06.KDTVN トナー品質管理課　_MP FY2027_各予定(Ver01).xlsx,secondary_reference,採算表(USD); 採算表(VND); 内訳ﾘｽﾄ(4～3月); 設備投資計画; 勘定科目; 原価センタ; 稼働日,採算表(USD):99x15; 採算表(VND):99x61; 内訳ﾘｽﾄ(4～3月):101x57; 設備投資計画:55x19; 勘定科目:244x9; 原価センタ:64x5; 稼働日:14x2,YES,YES,YES,YES,YES,YES,YES,YES,YES,generated_output_reference,has 内訳ﾘｽﾄ(4～3月)
D:\Sandbox\MP2027\reference_outputs\secondary\FY2027\07.KDTVN MD1課_MP FY2027_各予定(Ver01).xlsx,07.KDTVN MD1課_MP FY2027_各予定(Ver01).xlsx,secondary_reference,採算表(USD); 採算表(VND); 内訳ﾘｽﾄ(4～3月); 設備投資計画; 勘定科目; 原価センタ; 稼働日,採算表(USD):99x15; 採算表(VND):99x61; 内訳ﾘｽﾄ(4～3月):1000x55; 設備投資計画:55x19; 勘定科目:244x9; 原価センタ:64x5; 稼働日:14x2,YES,YES,YES,YES,YES,YES,YES,YES,YES,generated_output_reference,has 内訳ﾘｽﾄ(4～3月)
D:\Sandbox\MP2027\reference_outputs\secondary\FY2027\08.KDTVN MD2課_MP FY2027_各予定(Ver01).xlsx,08.KDTVN MD2課_MP FY2027_各予定(Ver01).xlsx,secondary_reference,採算表(USD); 採算表(VND); 内訳ﾘｽﾄ(4～3月); 設備投資計画; 勘定科目; 原価センタ; 稼働日,採算表(USD):99x15; 採算表(VND):99x61; 内訳ﾘｽﾄ(4～3月):1000x54; 設備投資計画:55x19; 勘定科目:244x9; 原価センタ:64x5; 稼働日:14x2,YES,YES,YES,YES,YES,YES,YES,YES,YES,generated_output_reference,has 内訳ﾘｽﾄ(4～3月)
D:\Sandbox\MP2027\reference_outputs\secondary\FY2027\09.KDTVN 工程品質管理1課_MP FY2027_各予定(Ver01).xlsx,09.KDTVN 工程品質管理1課_MP FY2027_各予定(Ver01).xlsx,secondary_reference,採算表(USD); 採算表(VND); 内訳ﾘｽﾄ(4～3月); 設備投資計画; 勘定科目; 原価センタ; 稼働日,採算表(USD):99x15; 採算表(VND):99x61; 内訳ﾘｽﾄ(4～3月):1017x54; 設備投資計画:55x19; 勘定科目:244x9; 原価センタ:64x5; 稼働日:14x2,YES,YES,YES,YES,YES,YES,YES,YES,YES,generated_output_reference,has 内訳ﾘｽﾄ(4～3月)
D:\Sandbox\MP2027\reference_outputs\secondary\FY2027\10.KDTVN 生産管理課_MP FY2027_各予定(Ver01).xlsx,10.KDTVN 生産管理課_MP FY2027_各予定(Ver01).xlsx,secondary_reference,採算表(USD); 採算表(VND); 内訳ﾘｽﾄ(4～3月); 設備投資計画; 勘定科目; 原価センタ; 稼働日,採算表(USD):99x15; 採算表(VND):99x61; 内訳ﾘｽﾄ(4～3月):1000x66; 設備投資計画:55x19; 勘定科目:244x9; 原価センタ:64x5; 稼働日:14x2,YES,YES,YES,YES,YES,YES,YES,YES,YES,generated_output_reference,has 内訳ﾘｽﾄ(4～3月)
D:\Sandbox\MP2027\reference_outputs\secondary\FY2027\11.KDTVN 採算管理課_MP FY2027_各予定(Ver01).xlsx,11.KDTVN 採算管理課_MP FY2027_各予定(Ver01).xlsx,secondary_reference,採算表(USD); 採算表(VND); 内訳ﾘｽﾄ(4～3月); 設備投資計画; 勘定科目; 原価センタ; 稼働日,採算表(USD):99x15; 採算表(VND):99x61; 内訳ﾘｽﾄ(4～3月):998x54; 設備投資計画:55x19; 勘定科目:244x9; 原価センタ:64x5; 稼働日:14x2,YES,YES,YES,YES,YES,YES,YES,YES,YES,generated_output_reference,has 内訳ﾘｽﾄ(4～3月)
D:\Sandbox\MP2027\reference_outputs\secondary\FY2027\12.KDTVN マスター管理課_MP FY2027_各予定(Ver01).xlsx,12.KDTVN マスター管理課_MP FY2027_各予定(Ver01).xlsx,secondary_reference,採算表(USD); 採算表(VND); 内訳ﾘｽﾄ(4～3月); 設備投資計画; 勘定科目; 原価センタ; 稼働日,採算表(USD):99x15; 採算表(VND):99x61; 内訳ﾘｽﾄ(4～3月):1000x60; 設備投資計画:55x19; 勘定科目:244x9; 原価センタ:64x5; 稼働日:14x2,YES,YES,YES,YES,YES,YES,YES,YES,YES,generated_output_reference,has 内訳ﾘｽﾄ(4～3月)
D:\Sandbox\MP2027\reference_outputs\secondary\FY2027\13.KDTVN 部品管理1課_MP FY2027_各予定(Ver01).xlsx,13.KDTVN 部品管理1課_MP FY2027_各予定(Ver01).xlsx,secondary_reference,採算表(USD); 採算表(VND); 内訳ﾘｽﾄ(4～3月); 設備投資計画; 勘定科目; 原価センタ; 稼働日,採算表(USD):99x15; 採算表(VND):99x61; 内訳ﾘｽﾄ(4～3月):1000x55; 設備投資計画:55x19; 勘定科目:244x9; 原価センタ:64x5; 稼働日:14x2,YES,YES,YES,YES,YES,YES,YES,YES,YES,generated_output_reference,has 内訳ﾘｽﾄ(4～3月)
D:\Sandbox\MP2027\reference_outputs\secondary\FY2027\14.KDTVN メカ製造技術1課_MP FY2027_各予定(Ver01).xlsx,14.KDTVN メカ製造技術1課_MP FY2027_各予定(Ver01).xlsx,secondary_reference,採算表(USD); 採算表(VND); 内訳ﾘｽﾄ(4～3月); 設備投資計画; 勘定科目; 原価センタ; 稼働日,採算表(USD):99x15; 採算表(VND):99x61; 内訳ﾘｽﾄ(4～3月):1000x55; 設備投資計画:55x19; 勘定科目:244x9; 原価センタ:64x5; 稼働日:14x2,YES,YES,YES,YES,YES,YES,YES,YES,YES,generated_output_reference,has 内訳ﾘｽﾄ(4～3月)
D:\Sandbox\MP2027\reference_outputs\secondary\FY2027\15.KDTVN メカ製造技術2課_MP FY2027_各予定(Ver01).xlsx,15.KDTVN メカ製造技術2課_MP FY2027_各予定(Ver01).xlsx,secondary_reference,採算表(USD); 採算表(VND); 内訳ﾘｽﾄ(4～3月); 設備投資計画; 勘定科目; 原価センタ; 稼働日,採算表(USD):99x15; 採算表(VND):99x61; 内訳ﾘｽﾄ(4～3月):1000x55; 設備投資計画:55x19; 勘定科目:244x9; 原価センタ:64x5; 稼働日:14x2,YES,YES,YES,YES,YES,YES,YES,YES,YES,generated_output_reference,has 内訳ﾘｽﾄ(4～3月)
D:\Sandbox\MP2027\reference_outputs\secondary\FY2027\16.KDTVN 電気製造技術課_MP FY2027_各予定(Ver01).xlsx,16.KDTVN 電気製造技術課_MP FY2027_各予定(Ver01).xlsx,secondary_reference,採算表(USD); 採算表(VND); 内訳ﾘｽﾄ(4～3月); 設備投資計画; 勘定科目; 原価センタ; 稼働日,採算表(USD):99x15; 採算表(VND):99x61; 内訳ﾘｽﾄ(4～3月):1000x55; 設備投資計画:55x19; 勘定科目:244x9; 原価センタ:64x5; 稼働日:14x2,YES,YES,YES,YES,YES,YES,YES,YES,YES,generated_output_reference,has 内訳ﾘｽﾄ(4～3月)
D:\Sandbox\MP2027\reference_outputs\secondary\FY2027\18.KDTVN 部品検査1課_MP FY2027_各予定(Ver01-OK).xlsx,18.KDTVN 部品検査1課_MP FY2027_各予定(Ver01-OK).xlsx,secondary_reference,採算表(USD); 採算表(VND); 内訳ﾘｽﾄ(4～3月); 設備投資計画; 勘定科目; 原価センタ; 稼働日,採算表(USD):99x15; 採算表(VND):99x61; 内訳ﾘｽﾄ(4～3月):1001x55; 設備投資計画:55x19; 勘定科目:244x9; 原価センタ:64x5; 稼働日:14x2,YES,YES,YES,YES,YES,YES,YES,YES,YES,generated_output_reference,has 内訳ﾘｽﾄ(4～3月)
D:\Sandbox\MP2027\reference_outputs\secondary\FY2027\20.KDTVN 部品技術課_MP FY2027_各予定(Ver01).xlsx,20.KDTVN 部品技術課_MP FY2027_各予定(Ver01).xlsx,secondary_reference,採算表(USD); 採算表(VND); 内訳ﾘｽﾄ(4～3月); 設備投資計画; 勘定科目; 原価センタ; 稼働日,採算表(USD):99x15; 採算表(VND):99x61; 内訳ﾘｽﾄ(4～3月):1001x54; 設備投資計画:55x19; 勘定科目:244x9; 原価センタ:64x5; 稼働日:14x2,YES,YES,YES,YES,YES,YES,YES,YES,YES,generated_output_reference,has 内訳ﾘｽﾄ(4～3月)
D:\Sandbox\MP2027\reference_outputs\secondary\FY2027\22.KDTVN 金型技術課_MP FY2027_各予定(Ver01).xlsx,22.KDTVN 金型技術課_MP FY2027_各予定(Ver01).xlsx,secondary_reference,採算表(USD); 採算表(VND); 内訳ﾘｽﾄ(4～3月); 設備投資計画; 勘定科目; 原価センタ; 稼働日,採算表(USD):99x15; 採算表(VND):99x61; 内訳ﾘｽﾄ(4～3月):1002x55; 設備投資計画:55x22; 勘定科目:244x9; 原価センタ:64x5; 稼働日:14x2,YES,YES,YES,YES,YES,YES,YES,YES,YES,generated_output_reference,has 内訳ﾘｽﾄ(4～3月)
D:\Sandbox\MP2027\reference_outputs\secondary\FY2027\23.KDTVN 部品製造課_MP FY2027_各予定(Ver01).xlsx,23.KDTVN 部品製造課_MP FY2027_各予定(Ver01).xlsx,secondary_reference,採算表(USD); 採算表(VND); 内訳ﾘｽﾄ(4～3月); 設備投資計画; 勘定科目; 原価センタ; 稼働日,採算表(USD):99x15; 採算表(VND):99x61; 内訳ﾘｽﾄ(4～3月):995x54; 設備投資計画:55x24; 勘定科目:244x9; 原価センタ:64x5; 稼働日:14x2,YES,YES,YES,YES,YES,YES,YES,YES,YES,generated_output_reference,has 内訳ﾘｽﾄ(4～3月)
D:\Sandbox\MP2027\reference_outputs\secondary\FY2027\24.KDTVN 品質保証課_MP FY2027_各予定(Ver01).xlsx,24.KDTVN 品質保証課_MP FY2027_各予定(Ver01).xlsx,secondary_reference,採算表(USD); 採算表(VND); 内訳ﾘｽﾄ(4～3月); 設備投資計画; 勘定科目; 原価センタ; 稼働日,採算表(USD):99x15; 採算表(VND):99x61; 内訳ﾘｽﾄ(4～3月):1003x66; 設備投資計画:55x19; 勘定科目:244x9; 原価センタ:64x5; 稼働日:14x2,YES,YES,YES,YES,YES,YES,YES,YES,YES,generated_output_reference,has 内訳ﾘｽﾄ(4～3月)
D:\Sandbox\MP2027\reference_outputs\secondary\FY2027\25.KDTVN 製品保証課_MP FY2027_各予定(Ver01).xlsx,25.KDTVN 製品保証課_MP FY2027_各予定(Ver01).xlsx,secondary_reference,採算表(USD); 採算表(VND); 内訳ﾘｽﾄ(4～3月); 設備投資計画; 勘定科目; 原価センタ; 稼働日,採算表(USD):99x15; 採算表(VND):99x61; 内訳ﾘｽﾄ(4～3月):1000x54; 設備投資計画:55x19; 勘定科目:244x9; 原価センタ:64x5; 稼働日:14x2,YES,YES,YES,YES,YES,YES,YES,YES,YES,generated_output_reference,has 内訳ﾘｽﾄ(4～3月)
D:\Sandbox\MP2027\reference_outputs\secondary\FY2027\26.KDTVN 第1資材課_MP FY2027_各予定(Ver01).xlsx,26.KDTVN 第1資材課_MP FY2027_各予定(Ver01).xlsx,secondary_reference,採算表(USD); 採算表(VND); 内訳ﾘｽﾄ(4～3月); 設備投資計画; 勘定科目; 原価センタ; 稼働日,採算表(USD):99x15; 採算表(VND):99x61; 内訳ﾘｽﾄ(4～3月):1000x54; 設備投資計画:55x19; 勘定科目:244x9; 原価センタ:64x5; 稼働日:14x2,YES,YES,YES,YES,YES,YES,YES,YES,YES,generated_output_reference,has 内訳ﾘｽﾄ(4～3月)
D:\Sandbox\MP2027\reference_outputs\secondary\FY2027\27.KDTVN 第2資材課_MP FY2027_各予定(Ver01).xlsx,27.KDTVN 第2資材課_MP FY2027_各予定(Ver01).xlsx,secondary_reference,採算表(USD); 採算表(VND); 内訳ﾘｽﾄ(4～3月); 設備投資計画; 勘定科目; 原価センタ; 稼働日,採算表(USD):99x15; 採算表(VND):99x61; 内訳ﾘｽﾄ(4～3月):999x54; 設備投資計画:55x19; 勘定科目:244x9; 原価センタ:64x5; 稼働日:14x2,YES,YES,YES,YES,YES,YES,YES,YES,YES,generated_output_reference,has 内訳ﾘｽﾄ(4～3月)
D:\Sandbox\MP2027\reference_outputs\secondary\FY2027\28.KDTVN 第3資材課_MP FY2027_各予定(Ver01).xlsx,28.KDTVN 第3資材課_MP FY2027_各予定(Ver01).xlsx,secondary_reference,採算表(USD); 採算表(VND); 内訳ﾘｽﾄ(4～3月); 設備投資計画; 勘定科目; 原価センタ; 稼働日,採算表(USD):99x15; 採算表(VND):99x61; 内訳ﾘｽﾄ(4～3月):1002x56; 設備投資計画:55x19; 勘定科目:244x9; 原価センタ:64x5; 稼働日:14x2,YES,YES,YES,YES,YES,YES,YES,YES,YES,generated_output_reference,has 内訳ﾘｽﾄ(4～3月)
D:\Sandbox\MP2027\reference_outputs\secondary\FY2027\29.KDTVN 資材管理課_MP FY2027_各予定(Ver01).xlsx,29.KDTVN 資材管理課_MP FY2027_各予定(Ver01).xlsx,secondary_reference,採算表(USD); 採算表(VND); 内訳ﾘｽﾄ(4～3月); 設備投資計画; 勘定科目; 原価センタ; 稼働日,採算表(USD):99x15; 採算表(VND):99x61; 内訳ﾘｽﾄ(4～3月):1000x54; 設備投資計画:55x33; 勘定科目:244x9; 原価センタ:64x5; 稼働日:14x2,YES,YES,YES,YES,YES,YES,YES,YES,YES,generated_output_reference,has 内訳ﾘｽﾄ(4～3月)
D:\Sandbox\MP2027\reference_outputs\secondary\FY2027\30.KDTVN 総務課_MP FY2027_各予定(Ver01).xlsx,30.KDTVN 総務課_MP FY2027_各予定(Ver01).xlsx,secondary_reference,採算表(USD); 採算表(VND); 内訳ﾘｽﾄ(4～3月); 設備投資計画; 勘定科目; 原価センタ; 稼働日,採算表(USD):99x15; 採算表(VND):99x61; 内訳ﾘｽﾄ(4～3月):999x55; 設備投資計画:55x19; 勘定科目:244x9; 原価センタ:64x5; 稼働日:14x2,YES,YES,YES,YES,YES,YES,YES,YES,YES,generated_output_reference,has 内訳ﾘｽﾄ(4～3月)
D:\Sandbox\MP2027\reference_outputs\secondary\FY2027\31.KDTVN 人事課_MP FY2027_各予定(Ver01).xlsx,31.KDTVN 人事課_MP FY2027_各予定(Ver01).xlsx,secondary_reference,採算表(USD); 採算表(VND); 内訳ﾘｽﾄ(4～3月); 設備投資計画; 勘定科目; 原価センタ; 稼働日,採算表(USD):99x15; 採算表(VND):99x61; 内訳ﾘｽﾄ(4～3月):969x54; 設備投資計画:55x19; 勘定科目:244x9; 原価センタ:64x5; 稼働日:14x2,YES,YES,YES,YES,YES,YES,YES,YES,YES,generated_output_reference,has 内訳ﾘｽﾄ(4～3月)
D:\Sandbox\MP2027\reference_outputs\secondary\FY2027\32.KDTVN 施設課_MP FY2027_各予定(Ver01).xlsx,32.KDTVN 施設課_MP FY2027_各予定(Ver01).xlsx,secondary_reference,採算表(USD); 採算表(VND); 内訳ﾘｽﾄ(4～3月); 設備投資計画; 勘定科目; 原価センタ; 稼働日,採算表(USD):99x15; 採算表(VND):99x61; 内訳ﾘｽﾄ(4～3月):809x58; 設備投資計画:55x19; 勘定科目:244x9; 原価センタ:64x5; 稼働日:14x2,YES,YES,YES,YES,YES,YES,YES,YES,YES,generated_output_reference,has 内訳ﾘｽﾄ(4～3月)
D:\Sandbox\MP2027\reference_outputs\secondary\FY2027\33.KDTVN 会計課_MP FY2027_各予定(Ver01).xlsx,33.KDTVN 会計課_MP FY2027_各予定(Ver01).xlsx,secondary_reference,採算表(USD); 採算表(VND); 内訳ﾘｽﾄ(4～3月); 設備投資計画; 勘定科目; 原価センタ; 稼働日,採算表(USD):99x15; 採算表(VND):99x61; 内訳ﾘｽﾄ(4～3月):997x54; 設備投資計画:55x19; 勘定科目:244x9; 原価センタ:64x5; 稼働日:14x2,YES,YES,YES,YES,YES,YES,YES,YES,YES,generated_output_reference,has 内訳ﾘｽﾄ(4～3月)
D:\Sandbox\MP2027\reference_outputs\secondary\FY2027\34.KDTVN 経営管理課_MP FY2027_各予定(Ver01).xlsx,34.KDTVN 経営管理課_MP FY2027_各予定(Ver01).xlsx,secondary_reference,採算表(USD); 採算表(VND); 内訳ﾘｽﾄ(4～3月); 設備投資計画; 勘定科目; 原価センタ; 稼働日,採算表(USD):99x15; 採算表(VND):99x61; 内訳ﾘｽﾄ(4～3月):1005x66; 設備投資計画:55x19; 勘定科目:245x9; 原価センタ:58x7; 稼働日:14x2,YES,YES,YES,YES,YES,YES,YES,YES,YES,generated_output_reference,has 内訳ﾘｽﾄ(4～3月)
D:\Sandbox\MP2027\reference_outputs\secondary\FY2027\35.KDTVN 貿易管理課_MP FY2027_各予定 final.xlsx,35.KDTVN 貿易管理課_MP FY2027_各予定 final.xlsx,secondary_reference,採算表(USD); 採算表(VND); 内訳ﾘｽﾄ(4～3月); 設備投資計画; 勘定科目; 原価センタ; 稼働日,採算表(USD):99x15; 採算表(VND):99x61; 内訳ﾘｽﾄ(4～3月):987x54; 設備投資計画:55x19; 勘定科目:244x9; 原価センタ:64x5; 稼働日:14x2,YES,YES,YES,YES,YES,YES,YES,YES,YES,generated_output_reference,has 内訳ﾘｽﾄ(4～3月)
D:\Sandbox\MP2027\reference_outputs\secondary\FY2027\36.KDTVN 情報システム課_MP FY2027_各予定(Ver03).xlsx,36.KDTVN 情報システム課_MP FY2027_各予定(Ver03).xlsx,secondary_reference,採算表(USD); 採算表(VND); 内訳ﾘｽﾄ(4～3月); 設備投資計画; 償却シミュレーション; old償却シミュレーション; 勘定科目; 原価センタ; 稼働日,採算表(USD):99x15; 採算表(VND):99x61; 内訳ﾘｽﾄ(4～3月):1064x55; 設備投資計画:55x19; 償却シミュレーション:35x33; old償却シミュレーション:44x21; 勘定科目:244x9; 原価センタ:64x5; 稼働日:14x2,YES,YES,YES,YES,YES,YES,YES,YES,YES,generated_output_reference,has 内訳ﾘｽﾄ(4～3月)
D:\Sandbox\MP2027\reference_outputs\secondary\FY2027\38.KDTVN トナー製造管理課　_MP FY2027_各予定(Ver01).xlsx,38.KDTVN トナー製造管理課　_MP FY2027_各予定(Ver01).xlsx,secondary_reference,採算表(USD); 採算表(VND); 内訳ﾘｽﾄ(4～3月); 設備投資計画; 勘定科目; 原価センタ; 稼働日,採算表(USD):99x15; 採算表(VND):99x61; 内訳ﾘｽﾄ(4～3月):66x55; 設備投資計画:55x19; 勘定科目:244x9; 原価センタ:64x5; 稼働日:14x2,YES,YES,YES,YES,YES,YES,YES,YES,YES,generated_output_reference,has 内訳ﾘｽﾄ(4～3月)
D:\Sandbox\MP2027\reference_outputs\secondary\FY2027\39.KDTVN RPS製造課_MP FY2027_各予定(Ver01).xlsx,39.KDTVN RPS製造課_MP FY2027_各予定(Ver01).xlsx,secondary_reference,採算表(USD); 採算表(VND); 内訳ﾘｽﾄ(4～3月); 設備投資計画; 勘定科目; 原価センタ; 稼働日,採算表(USD):99x15; 採算表(VND):99x61; 内訳ﾘｽﾄ(4～3月):1001x63; 設備投資計画:55x19; 勘定科目:244x9; 原価センタ:64x5; 稼働日:14x2,YES,YES,YES,YES,YES,YES,YES,YES,YES,generated_output_reference,has 内訳ﾘｽﾄ(4～3月)
D:\Sandbox\MP2027\reference_outputs\secondary\FY2027\40.KDTVN 部品品質管理1課_MP FY2027_各予定(Ver01).xlsx,40.KDTVN 部品品質管理1課_MP FY2027_各予定(Ver01).xlsx,secondary_reference,採算表(USD); 採算表(VND); 内訳ﾘｽﾄ(4～3月); 設備投資計画; 勘定科目; 原価センタ; 稼働日,採算表(USD):99x15; 採算表(VND):99x61; 内訳ﾘｽﾄ(4～3月):1000x55; 設備投資計画:55x19; 勘定科目:244x9; 原価センタ:65x5; 稼働日:14x2,YES,YES,YES,YES,YES,YES,YES,YES,YES,generated_output_reference,has 内訳ﾘｽﾄ(4～3月)
D:\Sandbox\MP2027\reference_outputs\secondary\FY2027\42.KDTVN 生産技術1課_MP FY2027_各予定(Ver01).xlsx,42.KDTVN 生産技術1課_MP FY2027_各予定(Ver01).xlsx,secondary_reference,採算表(USD); 採算表(VND); 内訳ﾘｽﾄ(4～3月); 設備投資計画; 勘定科目; 原価センタ; 稼働日,採算表(USD):99x15; 採算表(VND):99x61; 内訳ﾘｽﾄ(4～3月):1002x56; 設備投資計画:55x19; 勘定科目:244x9; 原価センタ:64x5; 稼働日:14x2,YES,YES,YES,YES,YES,YES,YES,YES,YES,generated_output_reference,has 内訳ﾘｽﾄ(4～3月)
D:\Sandbox\MP2027\reference_outputs\secondary\FY2027\43.KDTVN 生産技術2課_MP FY2027_各予定(Ver01).xlsx,43.KDTVN 生産技術2課_MP FY2027_各予定(Ver01).xlsx,secondary_reference,採算表(USD); 採算表(VND); 内訳ﾘｽﾄ(4～3月); 設備投資計画; 勘定科目; 原価センタ; 稼働日,採算表(USD):99x15; 採算表(VND):99x61; 内訳ﾘｽﾄ(4～3月):1003x55; 設備投資計画:55x19; 勘定科目:244x9; 原価センタ:64x5; 稼働日:14x2,YES,YES,YES,YES,YES,YES,YES,YES,YES,generated_output_reference,has 内訳ﾘｽﾄ(4～3月)
D:\Sandbox\MP2027\reference_outputs\secondary\FY2027\44.KDTVN 第4資材課_MP FY2027_各予定(Ver01).xlsx,44.KDTVN 第4資材課_MP FY2027_各予定(Ver01).xlsx,secondary_reference,採算表(USD); 採算表(VND); 内訳ﾘｽﾄ(4～3月); 設備投資計画; 勘定科目; 原価センタ; 稼働日,採算表(USD):99x15; 採算表(VND):99x61; 内訳ﾘｽﾄ(4～3月):1002x55; 設備投資計画:55x19; 勘定科目:244x9; 原価センタ:64x5; 稼働日:14x2,YES,YES,YES,YES,YES,YES,YES,YES,YES,generated_output_reference,has 内訳ﾘｽﾄ(4～3月)
D:\Sandbox\MP2027\reference_outputs\secondary\FY2027\45.KDTVN 製品管理課_MP FY2027_各予定(Ver01).xlsx,45.KDTVN 製品管理課_MP FY2027_各予定(Ver01).xlsx,secondary_reference,採算表(USD); 採算表(VND); 内訳ﾘｽﾄ(4～3月); 設備投資計画; 勘定科目; 原価センタ; 稼働日,採算表(USD):99x15; 採算表(VND):99x61; 内訳ﾘｽﾄ(4～3月):1000x55; 設備投資計画:55x19; 勘定科目:244x9; 原価センタ:64x5; 稼働日:14x2,YES,YES,YES,YES,YES,YES,YES,YES,YES,generated_output_reference,has 内訳ﾘｽﾄ(4～3月)
D:\Sandbox\MP2027\reference_outputs\secondary\FY2027\46.KDTVN 物流管理課_MP FY2027_各予定(Ver01).xlsx,46.KDTVN 物流管理課_MP FY2027_各予定(Ver01).xlsx,secondary_reference,採算表(USD); 採算表(VND); 内訳ﾘｽﾄ(4～3月); 設備投資計画; 勘定科目; 原価センタ; 稼働日,採算表(USD):99x15; 採算表(VND):99x61; 内訳ﾘｽﾄ(4～3月):1000x55; 設備投資計画:55x19; 勘定科目:244x9; 原価センタ:64x5; 稼働日:14x2,YES,YES,YES,YES,YES,YES,YES,YES,YES,generated_output_reference,has 内訳ﾘｽﾄ(4～3月)
D:\Sandbox\MP2027\reference_outputs\secondary\FY2027\47.KDTVN 工程品質管理2課_MP FY2027_各予定(Ver01).xlsx,47.KDTVN 工程品質管理2課_MP FY2027_各予定(Ver01).xlsx,secondary_reference,採算表(USD); 採算表(VND); 内訳ﾘｽﾄ(4～3月); 設備投資計画; 勘定科目; 原価センタ; 稼働日,採算表(USD):99x15; 採算表(VND):99x61; 内訳ﾘｽﾄ(4～3月):1008x54; 設備投資計画:55x19; 勘定科目:244x9; 原価センタ:64x5; 稼働日:14x2,YES,YES,YES,YES,YES,YES,YES,YES,YES,generated_output_reference,has 内訳ﾘｽﾄ(4～3月)
D:\Sandbox\MP2027\reference_outputs\secondary\FY2027\49.KDTVN EI1課_MP FY2027_各予定(Ver01).xlsx,49.KDTVN EI1課_MP FY2027_各予定(Ver01).xlsx,secondary_reference,採算表(USD); 採算表(VND); 内訳ﾘｽﾄ(4～3月); 設備投資計画; 勘定科目; 原価センタ; 稼働日,採算表(USD):99x15; 採算表(VND):99x61; 内訳ﾘｽﾄ(4～3月):1000x55; 設備投資計画:55x19; 勘定科目:244x9; 原価センタ:64x5; 稼働日:14x2,YES,YES,YES,YES,YES,YES,YES,YES,YES,generated_output_reference,has 内訳ﾘｽﾄ(4～3月)
D:\Sandbox\MP2027\reference_outputs\secondary\FY2027\50.KDTVN ESD1課_MP FY2027_各予定(Ver01).xlsx,50.KDTVN ESD1課_MP FY2027_各予定(Ver01).xlsx,secondary_reference,採算表(USD); 採算表(VND); 内訳ﾘｽﾄ(4～3月); 設備投資計画; 勘定科目; 原価センタ; 稼働日,採算表(USD):99x15; 採算表(VND):99x61; 内訳ﾘｽﾄ(4～3月):1000x55; 設備投資計画:55x19; 勘定科目:244x9; 原価センタ:64x5; 稼働日:14x2,YES,YES,YES,YES,YES,YES,YES,YES,YES,generated_output_reference,has 内訳ﾘｽﾄ(4～3月)
D:\Sandbox\MP2027\reference_outputs\secondary\FY2027\51.KDTVN 労働組合_MP FY2027_各予定(Ver01).xlsx,51.KDTVN 労働組合_MP FY2027_各予定(Ver01).xlsx,secondary_reference,採算表(USD); 採算表(VND); 内訳ﾘｽﾄ(4～3月); 設備投資計画; 勘定科目; 原価センタ; 稼働日,採算表(USD):99x15; 採算表(VND):99x61; 内訳ﾘｽﾄ(4～3月):1000x55; 設備投資計画:55x19; 勘定科目:244x9; 原価センタ:64x5; 稼働日:14x2,YES,YES,YES,YES,YES,YES,YES,YES,YES,generated_output_reference,has 内訳ﾘｽﾄ(4～3月)
D:\Sandbox\MP2027\reference_outputs\secondary\FY2027\52.KDTVN 機器製造３課_MP FY2027_各予定(Ver01).xlsx,52.KDTVN 機器製造３課_MP FY2027_各予定(Ver01).xlsx,secondary_reference,採算表(USD); 採算表(VND); 内訳ﾘｽﾄ(4～3月); Sheet1; 設備投資計画; 勘定科目; 原価センタ; 稼働日,採算表(USD):99x15; 採算表(VND):99x61; 内訳ﾘｽﾄ(4～3月):1004x63; Sheet1:1x1; 設備投資計画:55x19; 勘定科目:244x9; 原価センタ:64x5; 稼働日:14x2,YES,YES,YES,YES,YES,YES,YES,YES,YES,generated_output_reference,has 内訳ﾘｽﾄ(4～3月)
D:\Sandbox\MP2027\reference_outputs\secondary\FY2027\53.KDTVN MD3課_MP FY2027_各予定(Ver01).xlsx,53.KDTVN MD3課_MP FY2027_各予定(Ver01).xlsx,secondary_reference,採算表(USD); 採算表(VND); 内訳ﾘｽﾄ(4～3月); 設備投資計画; 勘定科目; 原価センタ; 稼働日,採算表(USD):99x15; 採算表(VND):99x61; 内訳ﾘｽﾄ(4～3月):1000x56; 設備投資計画:55x19; 勘定科目:244x9; 原価センタ:64x5; 稼働日:14x2,YES,YES,YES,YES,YES,YES,YES,YES,YES,generated_output_reference,has 内訳ﾘｽﾄ(4～3月)
D:\Sandbox\MP2027\reference_outputs\secondary\FY2027\54.KDTVN 生産技術3課_MP FY2027_各予定(Ver01).xlsx,54.KDTVN 生産技術3課_MP FY2027_各予定(Ver01).xlsx,secondary_reference,採算表(USD); 採算表(VND); 内訳ﾘｽﾄ(4～3月); 設備投資計画; 勘定科目; 原価センタ; 稼働日,採算表(USD):99x15; 採算表(VND):99x61; 内訳ﾘｽﾄ(4～3月):1004x66; 設備投資計画:55x19; 勘定科目:244x9; 原価センタ:64x5; 稼働日:14x2,YES,YES,YES,YES,YES,YES,YES,YES,YES,generated_output_reference,has 内訳ﾘｽﾄ(4～3月)
D:\Sandbox\MP2027\reference_outputs\secondary\FY2027\55.KDTVN 部品製造管理課_MP FY2027_各予定(Ver01).xlsx,55.KDTVN 部品製造管理課_MP FY2027_各予定(Ver01).xlsx,secondary_reference,採算表(USD); 採算表(VND); 内訳ﾘｽﾄ(4～3月); 設備投資計画; 勘定科目; 原価センタ; 稼働日,採算表(USD):99x15; 採算表(VND):99x61; 内訳ﾘｽﾄ(4～3月):1001x55; 設備投資計画:55x19; 勘定科目:244x9; 原価センタ:64x5; 稼働日:14x2,YES,YES,YES,YES,YES,YES,YES,YES,YES,generated_output_reference,has 内訳ﾘｽﾄ(4～3月)
D:\Sandbox\MP2027\reference_outputs\secondary\FY2027\56.KDTVN 品質管理課_MP FY2027_各予定(Ver01).xlsx,56.KDTVN 品質管理課_MP FY2027_各予定(Ver01).xlsx,secondary_reference,採算表(USD); 採算表(VND); 内訳ﾘｽﾄ(4～3月); 設備投資計画; 勘定科目; 原価センタ; 稼働日,採算表(USD):99x15; 採算表(VND):99x61; 内訳ﾘｽﾄ(4～3月):1003x55; 設備投資計画:55x21; 勘定科目:244x9; 原価センタ:64x5; 稼働日:14x2,YES,YES,YES,YES,YES,YES,YES,YES,YES,generated_output_reference,has 内訳ﾘｽﾄ(4～3月)
D:\Sandbox\MP2027\reference_outputs\secondary\FY2027\58.KDTVN 保安課_MP FY2027_各予定(Ver01).xlsx,58.KDTVN 保安課_MP FY2027_各予定(Ver01).xlsx,secondary_reference,採算表(USD); 採算表(VND); 内訳ﾘｽﾄ(4～3月); 設備投資計画; 勘定科目; 原価センタ; 稼働日,採算表(USD):99x15; 採算表(VND):99x61; 内訳ﾘｽﾄ(4～3月):1000x55; 設備投資計画:55x19; 勘定科目:244x9; 原価センタ:64x5; 稼働日:14x2,YES,YES,YES,YES,YES,YES,YES,YES,YES,generated_output_reference,has 内訳ﾘｽﾄ(4～3月)
D:\Sandbox\MP2027\reference_outputs\secondary\FY2027\59.KDTVN 部品検査2課_MP FY2027_各予定(Ver01).xlsx,59.KDTVN 部品検査2課_MP FY2027_各予定(Ver01).xlsx,secondary_reference,採算表(USD); 採算表(VND); 内訳ﾘｽﾄ(4～3月); 設備投資計画; 勘定科目; 原価センタ; 稼働日,採算表(USD):99x15; 採算表(VND):99x61; 内訳ﾘｽﾄ(4～3月):1000x55; 設備投資計画:53x19; 勘定科目:244x9; 原価センタ:64x5; 稼働日:14x2,YES,YES,YES,YES,YES,YES,YES,YES,YES,generated_output_reference,has 内訳ﾘｽﾄ(4～3月)
D:\Sandbox\MP2027\reference_outputs\secondary\FY2027\60.KDTVN リスクマネジメント課_MP FY2027_各予定(Ver01) 1 1.xlsx,60.KDTVN リスクマネジメント課_MP FY2027_各予定(Ver01) 1 1.xlsx,secondary_reference,採算表(USD); 採算表(VND); 内訳ﾘｽﾄ(4～3月); 設備投資計画; 勘定科目; 原価センタ; 稼働日,採算表(USD):99x15; 採算表(VND):99x61; 内訳ﾘｽﾄ(4～3月):990x57; 設備投資計画:55x19; 勘定科目:244x9; 原価センタ:64x5; 稼働日:14x2,YES,YES,YES,YES,YES,YES,YES,YES,YES,generated_output_reference,has 内訳ﾘｽﾄ(4～3月)
D:\Sandbox\MP2027\reference_outputs\secondary\FY2027\61.KDTVN 部品在庫管理課_MP FY2027_各予定(Ver01).xlsx,61.KDTVN 部品在庫管理課_MP FY2027_各予定(Ver01).xlsx,secondary_reference,採算表(USD); 採算表(VND); 内訳ﾘｽﾄ(4～3月); 設備投資計画; 勘定科目; 原価センタ; 稼働日,採算表(USD):99x15; 採算表(VND):99x61; 内訳ﾘｽﾄ(4～3月):1000x54; 設備投資計画:55x19; 勘定科目:244x9; 原価センタ:64x5; 稼働日:14x2,YES,YES,YES,YES,YES,YES,YES,YES,YES,generated_output_reference,has 内訳ﾘｽﾄ(4～3月)
D:\Sandbox\MP2027\reference_outputs\secondary\FY2027\63.KDTVN ESD2課_MP FY2027_各予定(Ver01).xlsx,63.KDTVN ESD2課_MP FY2027_各予定(Ver01).xlsx,secondary_reference,採算表(USD); 採算表(VND); 内訳ﾘｽﾄ(4～3月); 設備投資計画; 勘定科目; 原価センタ; 稼働日,採算表(USD):99x15; 採算表(VND):99x61; 内訳ﾘｽﾄ(4～3月):1000x54; 設備投資計画:55x19; 勘定科目:244x9; 原価センタ:64x5; 稼働日:14x2,YES,YES,YES,YES,YES,YES,YES,YES,YES,generated_output_reference,has 内訳ﾘｽﾄ(4～3月)
D:\Sandbox\MP2027\reference_outputs\secondary\FY2027\64.KDTVN 電工製造課_MP FY2027_各予定(Ver01).xlsx,64.KDTVN 電工製造課_MP FY2027_各予定(Ver01).xlsx,secondary_reference,採算表(USD); 採算表(VND); 内訳ﾘｽﾄ(4～3月); 設備投資計画; 勘定科目; 原価センタ; 稼働日,採算表(USD):99x15; 採算表(VND):99x61; 内訳ﾘｽﾄ(4～3月):982x63; 設備投資計画:55x19; 勘定科目:244x9; 原価センタ:64x5; 稼働日:14x2,YES,YES,YES,YES,YES,YES,YES,YES,YES,generated_output_reference,has 内訳ﾘｽﾄ(4～3月)
D:\Sandbox\MP2027\reference_outputs\secondary\FY2027\65.KDTVN MD4課_MP FY2027_各予定(Ver01).xlsx,65.KDTVN MD4課_MP FY2027_各予定(Ver01).xlsx,secondary_reference,採算表(USD); 採算表(VND); 内訳ﾘｽﾄ(4～3月); 設備投資計画; 勘定科目; 原価センタ; 稼働日,採算表(USD):99x15; 採算表(VND):99x61; 内訳ﾘｽﾄ(4～3月):1000x55; 設備投資計画:55x19; 勘定科目:244x9; 原価センタ:64x5; 稼働日:14x2,YES,YES,YES,YES,YES,YES,YES,YES,YES,generated_output_reference,has 内訳ﾘｽﾄ(4～3月)
D:\Sandbox\MP2027\reference_outputs\secondary\FY2027\66.KDTVN EI2課_MP FY2027_各予定(Ver01).xlsx,66.KDTVN EI2課_MP FY2027_各予定(Ver01).xlsx,secondary_reference,採算表(USD); 採算表(VND); 内訳ﾘｽﾄ(4～3月); 設備投資計画; 勘定科目; 原価センタ; 稼働日,採算表(USD):99x15; 採算表(VND):99x61; 内訳ﾘｽﾄ(4～3月):1000x54; 設備投資計画:55x19; 勘定科目:244x9; 原価センタ:64x5; 稼働日:14x2,YES,YES,YES,YES,YES,YES,YES,YES,YES,generated_output_reference,has 内訳ﾘｽﾄ(4～3月)
D:\Sandbox\MP2027\reference_outputs\secondary\FY2027\68.KDTVN MD5課_MP FY2027_各予定(Ver01).xlsx,68.KDTVN MD5課_MP FY2027_各予定(Ver01).xlsx,secondary_reference,採算表(USD); 採算表(VND); 内訳ﾘｽﾄ(4～3月); 設備投資計画; 勘定科目; 原価センタ; 稼働日,採算表(USD):99x15; 採算表(VND):99x61; 内訳ﾘｽﾄ(4～3月):1000x54; 設備投資計画:55x19; 勘定科目:244x9; 原価センタ:64x5; 稼働日:14x2,YES,YES,YES,YES,YES,YES,YES,YES,YES,generated_output_reference,has 内訳ﾘｽﾄ(4～3月)
D:\Sandbox\MP2027\reference_outputs\secondary\FY2027\69.KDTVN 部品管理2課_MP FY2027_各予定(Ver01).xlsx,69.KDTVN 部品管理2課_MP FY2027_各予定(Ver01).xlsx,secondary_reference,採算表(USD); 採算表(VND); 内訳ﾘｽﾄ(4～3月); 設備投資計画; 勘定科目; 原価センタ; 稼働日,採算表(USD):99x15; 採算表(VND):99x61; 内訳ﾘｽﾄ(4～3月):1000x54; 設備投資計画:55x19; 勘定科目:244x9; 原価センタ:64x5; 稼働日:14x2,YES,YES,YES,YES,YES,YES,YES,YES,YES,generated_output_reference,has 内訳ﾘｽﾄ(4～3月)
D:\Sandbox\MP2027\reference_outputs\secondary\FY2027\70.KDTVN 工程品質管理3課_MP FY2027_各予定(Ver01).xlsx,70.KDTVN 工程品質管理3課_MP FY2027_各予定(Ver01).xlsx,secondary_reference,採算表(USD); 採算表(VND); 内訳ﾘｽﾄ(4～3月); 設備投資計画; 勘定科目; 原価センタ; 稼働日,採算表(USD):99x15; 採算表(VND):99x61; 内訳ﾘｽﾄ(4～3月):983x57; 設備投資計画:55x19; 勘定科目:244x9; 原価センタ:64x5; 稼働日:14x2,YES,YES,YES,YES,YES,YES,YES,YES,YES,generated_output_reference,has 内訳ﾘｽﾄ(4～3月)
D:\Sandbox\MP2027\reference_outputs\secondary\FY2027\71.KDTVN 工程品質管理4課_MP FY2027_各予定(Ver01).xlsx,71.KDTVN 工程品質管理4課_MP FY2027_各予定(Ver01).xlsx,secondary_reference,採算表(USD); 採算表(VND); 内訳ﾘｽﾄ(4～3月); 設備投資計画; 勘定科目; 原価センタ; 稼働日,採算表(USD):99x15; 採算表(VND):99x61; 内訳ﾘｽﾄ(4～3月):999x56; 設備投資計画:55x19; 勘定科目:244x9; 原価センタ:64x5; 稼働日:14x2,YES,YES,YES,YES,YES,YES,YES,YES,YES,generated_output_reference,has 内訳ﾘｽﾄ(4～3月)
D:\Sandbox\MP2027\reference_outputs\secondary\FY2027\72.KDTVN 製造システム開発課_MP FY2027_各予定(Ver01).xlsx,72.KDTVN 製造システム開発課_MP FY2027_各予定(Ver01).xlsx,secondary_reference,採算表(USD); 採算表(VND); 内訳ﾘｽﾄ(4～3月); 設備投資計画; 勘定科目; 原価センタ; 稼働日,採算表(USD):99x15; 採算表(VND):99x61; 内訳ﾘｽﾄ(4～3月):1005x55; 設備投資計画:55x19; 勘定科目:244x9; 原価センタ:65x5; 稼働日:14x2,YES,YES,YES,YES,YES,YES,YES,YES,YES,generated_output_reference,has 内訳ﾘｽﾄ(4～3月)
D:\Sandbox\MP2027\reference_outputs\secondary\FY2027\73.KDTVN 製造技術管理課_MP FY2027_各予定(Ver01).xlsx,73.KDTVN 製造技術管理課_MP FY2027_各予定(Ver01).xlsx,secondary_reference,採算表(USD); 採算表(VND); 内訳ﾘｽﾄ(4～3月); 設備投資計画; 勘定科目; 原価センタ; 稼働日,採算表(USD):99x15; 採算表(VND):99x61; 内訳ﾘｽﾄ(4～3月):1008x55; 設備投資計画:55x19; 勘定科目:244x9; 原価センタ:65x5; 稼働日:14x2,YES,YES,YES,YES,YES,YES,YES,YES,YES,generated_output_reference,has 内訳ﾘｽﾄ(4～3月)
D:\Sandbox\MP2027\reference_outputs\secondary\FY2027\74.KDTVN 部品品質管理2課_MP FY2027_各予定(Ver01).xlsx,74.KDTVN 部品品質管理2課_MP FY2027_各予定(Ver01).xlsx,secondary_reference,採算表(USD); 採算表(VND); 内訳ﾘｽﾄ(4～3月); 設備投資計画; 勘定科目; 原価センタ; 稼働日,採算表(USD):99x15; 採算表(VND):99x61; 内訳ﾘｽﾄ(4～3月):1000x55; 設備投資計画:55x19; 勘定科目:244x9; 原価センタ:65x5; 稼働日:14x2,YES,YES,YES,YES,YES,YES,YES,YES,YES,generated_output_reference,has 内訳ﾘｽﾄ(4～3月)
D:\Sandbox\MP2027\reference_outputs\secondary\FY2027\MP data\Copy of 報告データ.xlsx,Copy of 報告データ.xlsx,secondary_subfolder_file,人数＆時間; FY2026; 残業の実績; 管理係り; 経費; 経費比較; 詳細; MP比較,人数＆時間:16x15; FY2026:8x14; 残業の実績:32x27; 管理係り:17x17; 経費:8x14; 経費比較:21x12; 詳細:12x14; MP比較:15x7,NO,NO,NO,NO,NO,NO,NO,NO,YES,skeleton_reference,text scan sampled first 300 rows/sheet
D:\Sandbox\MP2027\reference_outputs\secondary\FY2027\MP data\DL chung\固定資産情報_Fixed_Assets_Information_2025.11 - Nov.xlsx,固定資産情報_Fixed_Assets_Information_2025.11 - Nov.xlsx,secondary_subfolder_file,2025.11; Fixed assets list; Sheet1; KDTVN - useful life; Useful life; Calculate Depr&Interest FA; Planned Depreciation,2025.11:1271x25; Fixed assets list:9382x23; Sheet1:8783x17; KDTVN - useful life:275x9; Useful life:66x4; Calculate Depr&Interest FA:52x16; Planned Depreciation:8662x18,NO,NO,NO,NO,NO,NO,NO,NO,YES,skeleton_reference,text scan sampled first 300 rows/sheet
D:\Sandbox\MP2027\reference_outputs\secondary\FY2027\MP data\DL chung\施設課　MPFY2027.xlsx,施設課　MPFY2027.xlsx,secondary_subfolder_file,減価償却費（Depreciation）; 固定資産金利（Interest）; 水道光熱費（Electric & Water）; B&L; E&W,減価償却費（Depreciation）:136x15; 固定資産金利（Interest）:136x15; 水道光熱費（Electric & Water）:137x15; B&L:87x63; E&W:129x30,YES,NO,NO,NO,NO,NO,NO,NO,NO,unknown,text scan sampled first 300 rows/sheet
D:\Sandbox\MP2027\reference_outputs\secondary\FY2027\MP data\DL chung\総務課 FY2027 MP 振替予定.xlsx,総務課 FY2027 MP 振替予定.xlsx,secondary_subfolder_file,"FY2027予定; Cách tính phân bổ 振替計算; cách tính Gas; Số ngày xe bus ; Tính NRT, GVS (2); Tính gas; Tính NRT, GVS; Tính bus VN; Dự kiến tuyển dụng; Số ngày xe bus","FY2027予定:20x19; Cách tính phân bổ 振替計算:48x21; cách tính Gas:25x13; Số ngày xe bus :42x13; Tính NRT, GVS (2):48x15; Tính gas:13x13; Tính NRT, GVS:50x15; Tính bus VN:83x16; Dự kiến tuyển dụng:5x14; Số ngày xe bus:33x13",NO,NO,NO,NO,NO,NO,NO,NO,YES,skeleton_reference,text scan sampled first 300 rows/sheet
D:\Sandbox\MP2027\reference_outputs\secondary\FY2027\MP data\Dự tính chi phí làm giấy tờ cho NNN FY2027.xlsx,Dự tính chi phí làm giấy tờ cho NNN FY2027.xlsx,secondary_subfolder_file,FY2027,FY2027:47x18,YES,NO,NO,NO,NO,NO,NO,NO,YES,skeleton_reference,text scan sampled first 300 rows/sheet
D:\Sandbox\MP2027\reference_outputs\secondary\FY2027\MP data\file check time&人.xlsx,file check time&人.xlsx,secondary_subfolder_file,Sheet1,Sheet1:23x14,NO,NO,NO,NO,NO,NO,NO,NO,NO,unknown,text scan sampled first 300 rows/sheet
D:\Sandbox\MP2027\reference_outputs\secondary\FY2027\MP data\file check.xlsx,file check.xlsx,secondary_subfolder_file,"Cơ 1-3; Cơ 4-điện; nhà đất, điện nước","Cơ 1-3:78x13; Cơ 4-điện:73x14; nhà đất, điện nước:45x30",YES,NO,NO,NO,NO,NO,NO,NO,NO,unknown,text scan sampled first 300 rows/sheet
D:\Sandbox\MP2027\reference_outputs\secondary\FY2027\MP data\FY2026経費.xlsx,FY2026経費.xlsx,secondary_subfolder_file,まとめ; 固定資産,まとめ:37x30; 固定資産:16x13,YES,NO,NO,NO,NO,NO,NO,NO,YES,skeleton_reference,text scan sampled first 300 rows/sheet
D:\Sandbox\MP2027\reference_outputs\secondary\FY2027\MP data\FY2027固定資産計画.xlsx,FY2027固定資産計画.xlsx,secondary_subfolder_file,Sheet1,Sheet1:14x12,YES,NO,NO,NO,NO,NO,NO,NO,NO,unknown,text scan sampled first 300 rows/sheet
D:\Sandbox\MP2027\reference_outputs\secondary\FY2027\MP data\MPのデータ 2027.xlsx,MPのデータ 2027.xlsx,secondary_subfolder_file,Sheet1; 出張計画; 日本出張,Sheet1:27x15; 出張計画:62x14; 日本出張:14x14,NO,NO,YES,YES,NO,NO,NO,NO,YES,skeleton_reference,text scan sampled first 300 rows/sheet
D:\Sandbox\MP2027\reference_outputs\secondary\FY2027\MP data\old\報告データ.xlsx,報告データ.xlsx,secondary_subfolder_file,人数＆時間; FY2026; 残業の実績; 管理係り; 経費; 経費比較; 詳細,人数＆時間:16x15; FY2026:8x14; 残業の実績:32x27; 管理係り:17x17; 経費:8x14; 経費比較:12x10; 詳細:11x13,NO,NO,NO,NO,NO,NO,NO,NO,YES,skeleton_reference,text scan sampled first 300 rows/sheet
D:\Sandbox\MP2027\reference_outputs\secondary\FY2027\old\メカ2\15.KDTVN メカ製造技術2課_MP FY2027_各予定(Ver01).xlsx,15.KDTVN メカ製造技術2課_MP FY2027_各予定(Ver01).xlsx,secondary_subfolder_file,採算表(USD); 採算表(VND); 内訳ﾘｽﾄ(4～3月); 設備投資計画; 勘定科目; 原価センタ; 稼働日,採算表(USD):99x15; 採算表(VND):99x61; 内訳ﾘｽﾄ(4～3月):1001x55; 設備投資計画:55x19; 勘定科目:244x9; 原価センタ:479x5; 稼働日:14x2,YES,YES,YES,YES,YES,YES,YES,YES,YES,generated_output_reference,has 内訳ﾘｽﾄ(4～3月)
D:\Sandbox\MP2027\reference_outputs\secondary\FY2027\メカ2\15.KDTVN メカ製造技術2課_MP FY2027_各予定(Ver01).xlsx,15.KDTVN メカ製造技術2課_MP FY2027_各予定(Ver01).xlsx,secondary_subfolder_file,採算表(USD); 採算表(VND); 内訳ﾘｽﾄ(4～3月); 設備投資計画; 勘定科目; 原価センタ; 稼働日,採算表(USD):99x15; 採算表(VND):99x61; 内訳ﾘｽﾄ(4～3月):1000x55; 設備投資計画:55x19; 勘定科目:244x9; 原価センタ:64x5; 稼働日:14x2,YES,YES,YES,YES,YES,YES,YES,YES,YES,generated_output_reference,has 内訳ﾘｽﾄ(4～3月)
D:\Sandbox\MP2027\reference_outputs\secondary\FY2027\メカ１\14.KDTVN メカ製造技術1課_MP FY2027_各予定(Ver01).xlsx,14.KDTVN メカ製造技術1課_MP FY2027_各予定(Ver01).xlsx,secondary_subfolder_file,採算表(USD); 採算表(VND); 内訳ﾘｽﾄ(4～3月); 設備投資計画; 勘定科目; 原価センタ; 稼働日,採算表(USD):99x15; 採算表(VND):99x61; 内訳ﾘｽﾄ(4～3月):1000x55; 設備投資計画:55x19; 勘定科目:244x9; 原価センタ:64x5; 稼働日:14x2,YES,YES,YES,YES,YES,YES,YES,YES,YES,generated_output_reference,has 内訳ﾘｽﾄ(4～3月)
D:\Sandbox\MP2027\reference_outputs\secondary\FY2027\管理課\73.KDTVN 製造技術管理課_MP FY2027_各予定(Ver01).xlsx,73.KDTVN 製造技術管理課_MP FY2027_各予定(Ver01).xlsx,secondary_subfolder_file,採算表(USD); 採算表(VND); 内訳ﾘｽﾄ(4～3月); 設備投資計画; 勘定科目; 原価センタ; 稼働日,採算表(USD):99x15; 採算表(VND):99x61; 内訳ﾘｽﾄ(4～3月):1008x55; 設備投資計画:55x19; 勘定科目:244x9; 原価センタ:65x5; 稼働日:14x2,YES,YES,YES,YES,YES,YES,YES,YES,YES,generated_output_reference,has 内訳ﾘｽﾄ(4～3月)
D:\Sandbox\MP2027\reference_outputs\secondary\FY2027\製造システム開発課\72.KDTVN 製造システム開発課_MP FY2027_各予定(Ver01).xlsx,72.KDTVN 製造システム開発課_MP FY2027_各予定(Ver01).xlsx,secondary_subfolder_file,採算表(USD); 採算表(VND); 内訳ﾘｽﾄ(4～3月); 設備投資計画; 勘定科目; 原価センタ; 稼働日,採算表(USD):99x15; 採算表(VND):99x61; 内訳ﾘｽﾄ(4～3月):1005x55; 設備投資計画:55x19; 勘定科目:244x9; 原価センタ:65x5; 稼働日:14x2,YES,YES,YES,YES,YES,YES,YES,YES,YES,generated_output_reference,has 内訳ﾘｽﾄ(4～3月)
D:\Sandbox\MP2027\reference_outputs\secondary\FY2027\電気\16.KDTVN 電気製造技術課_MP FY2027_各予定(Ver01).xlsx,16.KDTVN 電気製造技術課_MP FY2027_各予定(Ver01).xlsx,secondary_subfolder_file,採算表(USD); 採算表(VND); 内訳ﾘｽﾄ(4～3月); 設備投資計画; 勘定科目; 原価センタ; 稼働日,採算表(USD):99x15; 採算表(VND):99x61; 内訳ﾘｽﾄ(4～3月):1000x55; 設備投資計画:55x19; 勘定科目:244x9; 原価センタ:64x5; 稼働日:14x2,YES,YES,YES,YES,YES,YES,YES,YES,YES,generated_output_reference,has 内訳ﾘｽﾄ(4～3月)
