primary_row,account_code,primary_description,primary_month_sample_F,primary_month_sample_Q,cluster_id,source_status,candidate_source_file,candidate_sheet,candidate_row,candidate_cell_or_column,evidence_summary_nontech,why_not_implemented,manual_check_instruction,implementable_now,needed_action
8,出向社員定時,,153,178.5,C_OTHER,SOURCE_NOT_FOUND,,,,row-level scan,no source hit,not enough exact source-to-output monthly mapping for safe code generation,"Open candidate file/sheet/row and confirm account, CC 1412000040, Apr-Mar values, and output order.",NO,provide exact source row/cell and Apr-Mar values before coding
10,出向社員定時,,,,C_OTHER,SOURCE_NOT_FOUND,,,,row-level scan,no source hit,not enough exact source-to-output monthly mapping for safe code generation,"Open candidate file/sheet/row and confirm account, CC 1412000040, Apr-Mar values, and output order.",NO,provide exact source row/cell and Apr-Mar values before coding
11,ローカル社員定時,,,,C_OTHER,SOURCE_NOT_FOUND,,,,row-level scan,no source hit,not enough exact source-to-output monthly mapping for safe code generation,"Open candidate file/sheet/row and confirm account, CC 1412000040, Apr-Mar values, and output order.",NO,provide exact source row/cell and Apr-Mar values before coding
16,出向社員残業,,36,42,C_OTHER,SOURCE_NOT_FOUND,,,,row-level scan,no source hit,not enough exact source-to-output monthly mapping for safe code generation,"Open candidate file/sheet/row and confirm account, CC 1412000040, Apr-Mar values, and output order.",NO,provide exact source row/cell and Apr-Mar values before coding
18,出向社員残業,,,,C_OTHER,SOURCE_NOT_FOUND,,,,row-level scan,no source hit,not enough exact source-to-output monthly mapping for safe code generation,"Open candidate file/sheet/row and confirm account, CC 1412000040, Apr-Mar values, and output order.",NO,provide exact source row/cell and Apr-Mar values before coding
19,ローカル社員残業,,,,C_OTHER,SOURCE_NOT_FOUND,,,,row-level scan,no source hit,not enough exact source-to-output monthly mapping for safe code generation,"Open candidate file/sheet/row and confirm account, CC 1412000040, Apr-Mar values, and output order.",NO,provide exact source row/cell and Apr-Mar values before coding
24,出向社員(人),,1,1,C_OTHER,SOURCE_NOT_FOUND,,,,row-level scan,no source hit,not enough exact source-to-output monthly mapping for safe code generation,"Open candidate file/sheet/row and confirm account, CC 1412000040, Apr-Mar values, and output order.",NO,provide exact source row/cell and Apr-Mar values before coding
36,9114120009,,,,C_OTHER,SOURCE_NOT_FOUND,,,,row-level scan,no source hit,not enough exact source-to-output monthly mapping for safe code generation,"Open candidate file/sheet/row and confirm account, CC 1412000040, Apr-Mar values, and output order.",NO,provide exact source row/cell and Apr-Mar values before coding
38,5006016260,建物,"=ROUND(293.02*26273,0)","=ROUND(289.03*26273,0)",C_OTHER,SOURCE_NOT_FOUND,,,,row-level scan,no source hit,not enough exact source-to-output monthly mapping for safe code generation,"Open candidate file/sheet/row and confirm account, CC 1412000040, Apr-Mar values, and output order.",NO,provide exact source row/cell and Apr-Mar values before coding
39,5006016261,土地,"=ROUND(19.78*26273,0)","=ROUND(19.51*26273,0)",C_OTHER,SOURCE_NOT_FOUND,,,,row-level scan,no source hit,not enough exact source-to-output monthly mapping for safe code generation,"Open candidate file/sheet/row and confirm account, CC 1412000040, Apr-Mar values, and output order.",NO,provide exact source row/cell and Apr-Mar values before coding
40,5006016244,Depreciation 工具治,"=ROUND(165.39*26273,0)","=ROUND((165.39+152.78+166.67)*26273,0)",C_OTHER,PARTIAL_SOURCE_FOUND,raw\source_file_order.csv,csv,2,row-level scan,"fuzzy token: 1,facility,施設課 MPFY2027.xlsx,1,Facility depreciation interest electric water source",not enough exact source-to-output monthly mapping for safe code generation,"Open candidate file/sheet/row and confirm account, CC 1412000040, Apr-Mar values, and output order.",NO,provide exact source row/cell and Apr-Mar values before coding
45,5005016372,Marking pen,,,C_OTHER,PARTIAL_SOURCE_FOUND,raw\固定資産情報_Fixed_Assets_Information_2025.11 - Nov.xlsx,2025.11,,row-level scan,"fuzzy token: =SUBTOTAL(3,$B$5:B553) | MFG)MOLD | 160006364 | GUIDE SUB LEFT OPEN (K303RW2403001) | 303RW24031 | 2025-10-31 00:00:00 | 002 | 1412000022 | Purch Management Sec",not enough exact source-to-output monthly mapping for safe code generation,"Open candidate file/sheet/row and confirm account, CC 1412000040, Apr-Mar values, and output order.",NO,provide exact source row/cell and Apr-Mar values before coding
46,5005016372,Sprayway 955 Anti Static,,,C_OTHER,PARTIAL_SOURCE_FOUND,raw\システム課金金額(Simulation)_FY2027_Apr.2026 ~ June.2026.xls,部門別サマリー(VND),28,row-level scan,fuzzy token: MD1課 | 1412000050.0 | 5005246282.0 | - | - | - | 2419218.0 | 4043677.0 | - | - | 295571.0 | 6758466.0,not enough exact source-to-output monthly mapping for safe code generation,"Open candidate file/sheet/row and confirm account, CC 1412000040, Apr-Mar values, and output order.",NO,provide exact source row/cell and Apr-Mar values before coding
48,5005016371,,,,C_OTHER,SOURCE_NOT_FOUND,,,,row-level scan,no source hit,not enough exact source-to-output monthly mapping for safe code generation,"Open candidate file/sheet/row and confirm account, CC 1412000040, Apr-Mar values, and output order.",NO,provide exact source row/cell and Apr-Mar values before coding
49,5005016371,"TH conect, conecR半田ブリッジ対応実験",,,C_OTHER,SOURCE_NOT_FOUND,,,,row-level scan,no source hit,not enough exact source-to-output monthly mapping for safe code generation,"Open candidate file/sheet/row and confirm account, CC 1412000040, Apr-Mar values, and output order.",NO,provide exact source row/cell and Apr-Mar values before coding
50,5005016371,"Battery 9V(13,000)",=13000*12,,C_OTHER,PARTIAL_SOURCE_FOUND,raw\Cải tiến nhập dữ liệu chung vào file MPnew 04.06.2026.xlsx,Hạng mục cần cải tiến,,row-level scan,"fuzzy token: VD: phòng code 1412000006 = ROUND((11*3.19 + 12*11.51+1*153.91+2*2114.25+12*2.25)*26273,0)=120,399,175 (chi phí tổng ở sheet đầu tiên là 120,399,176)",not enough exact source-to-output monthly mapping for safe code generation,"Open candidate file/sheet/row and confirm account, CC 1412000040, Apr-Mar values, and output order.",NO,provide exact source row/cell and Apr-Mar values before coding
51,5005016371,"Pin Energizer AA(26,500/pcs)",=26500*12,,C_OTHER,PARTIAL_SOURCE_FOUND,raw\Cải tiến nhập dữ liệu chung vào file MPnew 04.06.2026.xlsx,勘定科目,,row-level scan,"fuzzy token: 5001016131 | 材料仕入割戻高 | Chi phí nguyên liệu, vật liệu trực tiếp | 材料費 | Chi phí nguyên vật liệu | 5001016131 | 2016年4月から追加する。",not enough exact source-to-output monthly mapping for safe code generation,"Open candidate file/sheet/row and confirm account, CC 1412000040, Apr-Mar values, and output order.",NO,provide exact source row/cell and Apr-Mar values before coding
52,5005016371,Main pictor TV2YV01010 DL治具開発用＋Main pictor TV2YW01010 DL治具開発用,,,C_OTHER,PARTIAL_SOURCE_FOUND,raw\固定資産情報_Fixed_Assets_Information_2025.11 - Nov.xlsx,2025.11,,row-level scan,"fuzzy token: =SUBTOTAL(3,$B$5:B37) | MFG)MACHINERY AND EQUIPMENT | 140000201 | MAY DIEN MUC HANG PICTOR | | 2020-08-27 00:00:00 | 007 | 1412000034 | T Manufacturing Sect |",not enough exact source-to-output monthly mapping for safe code generation,"Open candidate file/sheet/row and confirm account, CC 1412000040, Apr-Mar values, and output order.",NO,provide exact source row/cell and Apr-Mar values before coding
53,5005016371,Giá đỡ bút Marking (2P4WKA70),,,C_OTHER,PARTIAL_SOURCE_FOUND,raw\Cải tiến nhập dữ liệu chung vào file MPnew 04.06.2026.xlsx,Hạng mục cần cải tiến,,row-level scan,"fuzzy token: Công thức: = ROUND(công thức của các chi phí + với nhau** tỷ giá $ (ô B2 trong file MP),0)",not enough exact source-to-output monthly mapping for safe code generation,"Open candidate file/sheet/row and confirm account, CC 1412000040, Apr-Mar values, and output order.",NO,provide exact source row/cell and Apr-Mar values before coding
54,5005016371,冷却スプレー Nabakem SF-1013,=495000*5,,C_OTHER,PARTIAL_SOURCE_FOUND,raw\システム課金金額(Simulation)_FY2027_Apr.2026 ~ June.2026.xls,部門別サマリー (USD),4,row-level scan,fuzzy token: 機器製造2課 | 1412000005.0 | 5005246282.0 | 7251.12 | - | - | 184.16 | - | 2701.799999999999 | - | - | 10137.079999999998,not enough exact source-to-output monthly mapping for safe code generation,"Open candidate file/sheet/row and confirm account, CC 1412000040, Apr-Mar values, and output order.",NO,provide exact source row/cell and Apr-Mar values before coding
55,5005016373,Panel LCD 3V2Y301040,,,C_OTHER,PARTIAL_SOURCE_FOUND,raw\固定資産情報_Fixed_Assets_Information_2025.11 - Nov.xlsx,2025.11,,row-level scan,"fuzzy token: =SUBTOTAL(3,$B$5:B123) | MFG)MOLD | 160005592-2 | MOUNT PANEL (K30C0G0501001MP+502+MODIFY) | 30C0G05010 | 2024-01-31 00:00:00 | 002 | 1412000022 | Purch Managem",not enough exact source-to-output monthly mapping for safe code generation,"Open candidate file/sheet/row and confirm account, CC 1412000040, Apr-Mar values, and output order.",NO,provide exact source row/cell and Apr-Mar values before coding
56,5005026371,,,,C1_fixed_assets_detail_5005026371,SOURCE_NOT_FOUND,,,,row-level scan,no source hit,not enough exact source-to-output monthly mapping for safe code generation,"Open candidate file/sheet/row and confirm account, CC 1412000040, Apr-Mar values, and output order.",NO,provide exact source row/cell and Apr-Mar values before coding
57,5005026371,Vendor用Micro SD(8B) 単価:VND,,,C1_fixed_assets_detail_5005026371,PARTIAL_SOURCE_FOUND,raw\Cải tiến nhập dữ liệu chung vào file MPnew 04.06.2026.xlsx,Chi phí sinh nhật,,row-level scan,"fuzzy token: Công thức = (2 người(trong file ở đầu) + 1 người mới )* 152,000VND",not enough exact source-to-output monthly mapping for safe code generation,"Open candidate file/sheet/row and confirm account, CC 1412000040, Apr-Mar values, and output order.",NO,provide exact source row/cell and Apr-Mar values before coding
58,5005026371,"湿度計 単価:$28, LCRmeter Probe(SMDA-22)",,,C1_fixed_assets_detail_5005026371,SOURCE_NOT_FOUND,,,,row-level scan,no source hit,not enough exact source-to-output monthly mapping for safe code generation,"Open candidate file/sheet/row and confirm account, CC 1412000040, Apr-Mar values, and output order.",NO,provide exact source row/cell and Apr-Mar values before coding
59,5005026371,ノートPCのRAM 16gb,=6*2150000,,C1_fixed_assets_detail_5005026371,SOURCE_NOT_FOUND,,,,row-level scan,no source hit,not enough exact source-to-output monthly mapping for safe code generation,"Open candidate file/sheet/row and confirm account, CC 1412000040, Apr-Mar values, and output order.",NO,provide exact source row/cell and Apr-Mar values before coding
60,5005026371,Master用DVD $22(20pack),,,C1_fixed_assets_detail_5005026371,SOURCE_NOT_FOUND,,,,row-level scan,no source hit,not enough exact source-to-output monthly mapping for safe code generation,"Open candidate file/sheet/row and confirm account, CC 1412000040, Apr-Mar values, and output order.",NO,provide exact source row/cell and Apr-Mar values before coding
61,5005026371,USB 10本(単価$7.5),,,C1_fixed_assets_detail_5005026371,PARTIAL_SOURCE_FOUND,raw\固定資産情報_Fixed_Assets_Information_2025.11 - Nov.xlsx,2025.11,,row-level scan,"fuzzy token: =SUBTOTAL(3,$B$5:B265) | MFG)MOLD | 160005953-1 | HOLDER HARNESS USB (K30C0D02F1001MP+501+MODIFY) | 30C0D02F10 | 2024-01-31 00:00:00 | 002 | 1412000022 | Purch",not enough exact source-to-output monthly mapping for safe code generation,"Open candidate file/sheet/row and confirm account, CC 1412000040, Apr-Mar values, and output order.",NO,provide exact source row/cell and Apr-Mar values before coding
62,5005026371,ROMライター実装ベンダ支給用(MINATO),,,C1_fixed_assets_detail_5005026371,SOURCE_NOT_FOUND,,,,row-level scan,no source hit,not enough exact source-to-output monthly mapping for safe code generation,"Open candidate file/sheet/row and confirm account, CC 1412000040, Apr-Mar values, and output order.",NO,provide exact source row/cell and Apr-Mar values before coding
63,5005026371,ROMライター実装ベンダ支給用(FSG),,,C1_fixed_assets_detail_5005026371,SOURCE_NOT_FOUND,,,,row-level scan,no source hit,not enough exact source-to-output monthly mapping for safe code generation,"Open candidate file/sheet/row and confirm account, CC 1412000040, Apr-Mar values, and output order.",NO,provide exact source row/cell and Apr-Mar values before coding
64,5005026371,"Test Board 10枚((7x9cm)単価24,000VND／(9x15cm)単価37,000VND)",,,C1_fixed_assets_detail_5005026371,PARTIAL_SOURCE_FOUND,raw\固定資産情報_Fixed_Assets_Information_2025.11 - Nov.xlsx,2025.11,,row-level scan,"fuzzy token: =SUBTOTAL(3,$B$5:B641) | MFG)TOOLS FURNITURE AND FIXTURES | 170001747 | Instantaneous power failure test NF IEC61000-4-11 | | 2022-01-12 00:00:00 | 005 | 14120",not enough exact source-to-output monthly mapping for safe code generation,"Open candidate file/sheet/row and confirm account, CC 1412000040, Apr-Mar values, and output order.",NO,provide exact source row/cell and Apr-Mar values before coding
65,5005026371,Arduino Nano V3.0 Atmega328P - USB CH340,,,C1_fixed_assets_detail_5005026371,PARTIAL_SOURCE_FOUND,raw\固定資産情報_Fixed_Assets_Information_2025.11 - Nov.xlsx,Fixed assets list,,row-level scan,fuzzy token: 37 | 140000053 | 0 | 140000053 | Nano Scan Ns-SI/3.5/1.8 | 1412000006 | Factory (A/1F) | 1412000069 | Ind Engineer 2 Sec | 1412000004 | Machi Manufact 1 Se | 20,not enough exact source-to-output monthly mapping for safe code generation,"Open candidate file/sheet/row and confirm account, CC 1412000040, Apr-Mar values, and output order.",NO,provide exact source row/cell and Apr-Mar values before coding
66,5005026371,"Resistor 5本(単価30,000)",,,C1_fixed_assets_detail_5005026371,PARTIAL_SOURCE_FOUND,raw\Cải tiến nhập dữ liệu chung vào file MPnew 04.06.2026.xlsx,Hạng mục cần cải tiến,,row-level scan,"fuzzy token: VD: phòng code 1412000006 = ROUND((11*3.19 + 12*11.51+1*153.91+2*2114.25+12*2.25)*26273,0)=120,399,175 (chi phí tổng ở sheet đầu tiên là 120,399,176)",not enough exact source-to-output monthly mapping for safe code generation,"Open candidate file/sheet/row and confirm account, CC 1412000040, Apr-Mar values, and output order.",NO,provide exact source row/cell and Apr-Mar values before coding
67,5005026371,画像検査装置開発用PC,,,C1_fixed_assets_detail_5005026371,SOURCE_NOT_FOUND,,,,row-level scan,no source hit,not enough exact source-to-output monthly mapping for safe code generation,"Open candidate file/sheet/row and confirm account, CC 1412000040, Apr-Mar values, and output order.",NO,provide exact source row/cell and Apr-Mar values before coding
68,5005026371,画像検査装置用 OFFICE,,,C1_fixed_assets_detail_5005026371,PARTIAL_SOURCE_FOUND,raw\固定資産情報_Fixed_Assets_Information_2025.11 - Nov.xlsx,Fixed assets list,,row-level scan,fuzzy token: 7457 | 170000848 | 0 | 170000848 | Office door key card set | 1412000004 | Administration Building 3F | 1412000026 | Faci Maintenance Sec | 1412000026 | Faci Ma,not enough exact source-to-output monthly mapping for safe code generation,"Open candidate file/sheet/row and confirm account, CC 1412000040, Apr-Mar values, and output order.",NO,provide exact source row/cell and Apr-Mar values before coding
69,5005026371,スタンレー 240V/40W グルーガン/Sung ban keo 240V/40W Stanley,,,C1_fixed_assets_detail_5005026371,PARTIAL_SOURCE_FOUND,raw\固定資産情報_Fixed_Assets_Information_2025.11 - Nov.xlsx,2025.11,,row-level scan,"fuzzy token: =SUBTOTAL(3,$B$5:B675) | MFG)TOOLS FURNITURE AND FIXTURES | 170001928 | Iris 2020 TASKalfa2554ci220/240V50/60HZ-MAY KT DP1 | | 2023-01-06 00:00:00 | 003 | 1412",not enough exact source-to-output monthly mapping for safe code generation,"Open candidate file/sheet/row and confirm account, CC 1412000040, Apr-Mar values, and output order.",NO,provide exact source row/cell and Apr-Mar values before coding
70,5005026371,WebCam C920/WebCam C615,,,C1_fixed_assets_detail_5005026371,PARTIAL_SOURCE_FOUND,raw\固定資産情報_Fixed_Assets_Information_2025.11 - Nov.xlsx,Sheet1,,row-level scan,"fuzzy token: =0+SUBTOTAL(3,$D$5:D920) | 160000817 | 0 | =IF(C920=""0"",B920,_xlfn.CONCAT(B920,""-"",C920)) | STOPPER CONTAINER | 1412000008 | Lend to Vendor | 1412000022 | Purch",not enough exact source-to-output monthly mapping for safe code generation,"Open candidate file/sheet/row and confirm account, CC 1412000040, Apr-Mar values, and output order.",NO,provide exact source row/cell and Apr-Mar values before coding
71,5005026371,Cable usb to lan 2.0 20254 Ugreen,,,C1_fixed_assets_detail_5005026371,PARTIAL_SOURCE_FOUND,raw\Cải tiến nhập dữ liệu chung vào file MPnew 04.06.2026.xlsx,Sheet1,,row-level scan,fuzzy token: Cải tiến nhập tự động dữ liệu chung từ các file được cung cấp sẵn vào file Master Plan,not enough exact source-to-output monthly mapping for safe code generation,"Open candidate file/sheet/row and confirm account, CC 1412000040, Apr-Mar values, and output order.",NO,provide exact source row/cell and Apr-Mar values before coding
72,5005026371,"2NM PANEL KEY FT改造費\16,000 ⇒ 科目変更",,,C1_fixed_assets_detail_5005026371,PARTIAL_SOURCE_FOUND,raw\固定資産情報_Fixed_Assets_Information_2025.11 - Nov.xlsx,2025.11,,row-level scan,"fuzzy token: =SUBTOTAL(3,$B$5:B123) | MFG)MOLD | 160005592-2 | MOUNT PANEL (K30C0G0501001MP+502+MODIFY) | 30C0G05010 | 2024-01-31 00:00:00 | 002 | 1412000022 | Purch Managem",not enough exact source-to-output monthly mapping for safe code generation,"Open candidate file/sheet/row and confirm account, CC 1412000040, Apr-Mar values, and output order.",NO,provide exact source row/cell and Apr-Mar values before coding
73,5005026371,テスター購入費,,,C1_fixed_assets_detail_5005026371,SOURCE_NOT_FOUND,,,,row-level scan,no source hit,not enough exact source-to-output monthly mapping for safe code generation,"Open candidate file/sheet/row and confirm account, CC 1412000040, Apr-Mar values, and output order.",NO,provide exact source row/cell and Apr-Mar values before coding
74,5005026371,"実験場の棚 単価6,800,000ＶＮＤｘ2",,,C1_fixed_assets_detail_5005026371,PARTIAL_SOURCE_FOUND,raw\Cải tiến nhập dữ liệu chung vào file MPnew 04.06.2026.xlsx,勘定科目,,row-level scan,fuzzy token: 8001017111 | 固定資産売却益 | Thu nhập khác | 特別利益 | Lợi nhuận đặc biệt | 8001017111 | 8001017111 | 8001017111,not enough exact source-to-output monthly mapping for safe code generation,"Open candidate file/sheet/row and confirm account, CC 1412000040, Apr-Mar values, and output order.",NO,provide exact source row/cell and Apr-Mar values before coding
75,5005026371,GARNET選別用の温度プローブ Temperature Sensor SE10605,,,C1_fixed_assets_detail_5005026371,PARTIAL_SOURCE_FOUND,raw\固定資産情報_Fixed_Assets_Information_2025.11 - Nov.xlsx,2025.11,,row-level scan,"fuzzy token: =SUBTOTAL(3,$B$5:B41) | MFG)MACHINERY AND EQUIPMENT | 140000207 | Temperature/Humidity Chamber PL-4J.NO.2 | | 2021-02-22 00:00:00 | 005 | 1412000018 | Q Assura",not enough exact source-to-output monthly mapping for safe code generation,"Open candidate file/sheet/row and confirm account, CC 1412000040, Apr-Mar values, and output order.",NO,provide exact source row/cell and Apr-Mar values before coding
76,5005026371,GARNET選別用ハーネス(3V2NM46020),,,C1_fixed_assets_detail_5005026371,SOURCE_NOT_FOUND,,,,row-level scan,no source hit,not enough exact source-to-output monthly mapping for safe code generation,"Open candidate file/sheet/row and confirm account, CC 1412000040, Apr-Mar values, and output order.",NO,provide exact source row/cell and Apr-Mar values before coding
77,5005026371,GARNET選別用ハーネス(3V2NM46190),,,C1_fixed_assets_detail_5005026371,SOURCE_NOT_FOUND,,,,row-level scan,no source hit,not enough exact source-to-output monthly mapping for safe code generation,"Open candidate file/sheet/row and confirm account, CC 1412000040, Apr-Mar values, and output order.",NO,provide exact source row/cell and Apr-Mar values before coding
78,5005026371,GARNET選別用ハーネス,,,C1_fixed_assets_detail_5005026371,SOURCE_NOT_FOUND,,,,row-level scan,no source hit,not enough exact source-to-output monthly mapping for safe code generation,"Open candidate file/sheet/row and confirm account, CC 1412000040, Apr-Mar values, and output order.",NO,provide exact source row/cell and Apr-Mar values before coding
79,5005026371,GARET選別用ドライヤ MAY KHO(GBH 630DCE),,,C1_fixed_assets_detail_5005026371,PARTIAL_SOURCE_FOUND,raw\Cải tiến nhập dữ liệu chung vào file MPnew 04.06.2026.xlsx,Sheet1,,row-level scan,"fuzzy token: ② Filter ""code tài khoản chịu chi phí"", ""tên tài khoản chịu chi phí"", ""ghi chú"" trong file MP đối tượng",not enough exact source-to-output monthly mapping for safe code generation,"Open candidate file/sheet/row and confirm account, CC 1412000040, Apr-Mar values, and output order.",NO,provide exact source row/cell and Apr-Mar values before coding
80,5005026371,BRIGE UNIT DBU – 120A購入,,,C1_fixed_assets_detail_5005026371,PARTIAL_SOURCE_FOUND,raw\event_drivers_manual.csv,csv,1,row-level scan,"fuzzy token: ﻿cc_code,period,event_name,count,unit_price,amount_vnd,account_code,form_row,description",not enough exact source-to-output monthly mapping for safe code generation,"Open candidate file/sheet/row and confirm account, CC 1412000040, Apr-Mar values, and output order.",NO,provide exact source row/cell and Apr-Mar values before coding
81,5005026371,,,,C1_fixed_assets_detail_5005026371,SOURCE_NOT_FOUND,,,,row-level scan,no source hit,not enough exact source-to-output monthly mapping for safe code generation,"Open candidate file/sheet/row and confirm account, CC 1412000040, Apr-Mar values, and output order.",NO,provide exact source row/cell and Apr-Mar values before coding
82,5005026371,表面抵抗測定器：1台,,,C1_fixed_assets_detail_5005026371,SOURCE_NOT_FOUND,,,,row-level scan,no source hit,not enough exact source-to-output monthly mapping for safe code generation,"Open candidate file/sheet/row and confirm account, CC 1412000040, Apr-Mar values, and output order.",NO,provide exact source row/cell and Apr-Mar values before coding
83,5005026371,認定バッチ(1.2USD/pcs),,,C1_fixed_assets_detail_5005026371,TEMPLATE_ONLY,docs\MP2027\old\FORM_old.xlsx,内訳ﾘｽﾄ(4～3月),,row-level scan,"fuzzy token: 5005246281 | =IFERROR(IF(VLOOKUP($B79,勘定科目!$A:$H,HLOOKUP($E$5,勘定科目!$F$1:$H$2,2,0),0)="""","""",VLOOKUP($B79,勘定科目!$A:$E,2,0)),"""") | =IF(C79="""","""",VLOOKUP($B79,勘定科目!$",not enough exact source-to-output monthly mapping for safe code generation,"Open candidate file/sheet/row and confirm account, CC 1412000040, Apr-Mar values, and output order.",NO,provide exact source row/cell and Apr-Mar values before coding
84,5005026371,Panel傾き確認治具,,,C1_fixed_assets_detail_5005026371,SOURCE_NOT_FOUND,,,,row-level scan,no source hit,not enough exact source-to-output monthly mapping for safe code generation,"Open candidate file/sheet/row and confirm account, CC 1412000040, Apr-Mar values, and output order.",NO,provide exact source row/cell and Apr-Mar values before coding
85,5005026371,治具修理用パーツ費:GPIF基板,,,C1_fixed_assets_detail_5005026371,SOURCE_NOT_FOUND,,,,row-level scan,no source hit,not enough exact source-to-output monthly mapping for safe code generation,"Open candidate file/sheet/row and confirm account, CC 1412000040, Apr-Mar values, and output order.",NO,provide exact source row/cell and Apr-Mar values before coding
86,5005026371,"Libra Container FT修理部材（\4,800)10月追加",,,C1_fixed_assets_detail_5005026371,PARTIAL_SOURCE_FOUND,raw\固定資産情報_Fixed_Assets_Information_2025.11 - Nov.xlsx,2025.11,,row-level scan,"fuzzy token: =SUBTOTAL(3,$B$5:B10) | MFG)MACHINERY AND EQUIPMENT | 140000125 | LIBRA LINE No.2 | | 2016-09-27 00:00:00 | 010 | 1412000084 | Ind Engineer 3 Sec | 1412000004",not enough exact source-to-output monthly mapping for safe code generation,"Open candidate file/sheet/row and confirm account, CC 1412000040, Apr-Mar values, and output order.",NO,provide exact source row/cell and Apr-Mar values before coding
87,5005026371,"Mebius E KeyR FT修理部材（\9,500)10月追加",,,C1_fixed_assets_detail_5005026371,PARTIAL_SOURCE_FOUND,raw\固定資産情報_Fixed_Assets_Information_2025.11 - Nov.xlsx,2025.11,,row-level scan,"fuzzy token: =SUBTOTAL(3,$B$5:B5) | MFG)MACHINERY AND EQUIPMENT | 140000070-1 | MAY HAN LID MEBIUS BK (BLACK) | | 2022-11-07 00:00:00 | 005 | 1412000034 | T Manufacturing S",not enough exact source-to-output monthly mapping for safe code generation,"Open candidate file/sheet/row and confirm account, CC 1412000040, Apr-Mar values, and output order.",NO,provide exact source row/cell and Apr-Mar values before coding
88,5005026371,,,,C1_fixed_assets_detail_5005026371,SOURCE_NOT_FOUND,,,,row-level scan,no source hit,not enough exact source-to-output monthly mapping for safe code generation,"Open candidate file/sheet/row and confirm account, CC 1412000040, Apr-Mar values, and output order.",NO,provide exact source row/cell and Apr-Mar values before coding
89,5005026371,画像検査装置備品(カメラ安定化部材),,,C1_fixed_assets_detail_5005026371,SOURCE_NOT_FOUND,,,,row-level scan,no source hit,not enough exact source-to-output monthly mapping for safe code generation,"Open candidate file/sheet/row and confirm account, CC 1412000040, Apr-Mar values, and output order.",NO,provide exact source row/cell and Apr-Mar values before coding
90,5005026371,画像検査装置備品(usb HUB 4port),,,C1_fixed_assets_detail_5005026371,PARTIAL_SOURCE_FOUND,raw\固定資産情報_Fixed_Assets_Information_2025.11 - Nov.xlsx,2025.11,,row-level scan,"fuzzy token: =SUBTOTAL(3,$B$5:B265) | MFG)MOLD | 160005953-1 | HOLDER HARNESS USB (K30C0D02F1001MP+501+MODIFY) | 30C0D02F10 | 2024-01-31 00:00:00 | 002 | 1412000022 | Purch",not enough exact source-to-output monthly mapping for safe code generation,"Open candidate file/sheet/row and confirm account, CC 1412000040, Apr-Mar values, and output order.",NO,provide exact source row/cell and Apr-Mar values before coding
91,5005026371,基板画像検査装置備品(2号機用),,,C1_fixed_assets_detail_5005026371,SOURCE_NOT_FOUND,,,,row-level scan,no source hit,not enough exact source-to-output monthly mapping for safe code generation,"Open candidate file/sheet/row and confirm account, CC 1412000040, Apr-Mar values, and output order.",NO,provide exact source row/cell and Apr-Mar values before coding
92,5005026371,PCのモニター＋マウス＋電源コード,,,C1_fixed_assets_detail_5005026371,SOURCE_NOT_FOUND,,,,row-level scan,no source hit,not enough exact source-to-output monthly mapping for safe code generation,"Open candidate file/sheet/row and confirm account, CC 1412000040, Apr-Mar values, and output order.",NO,provide exact source row/cell and Apr-Mar values before coding
93,5005026371,master SSD作成メイン基板,,,C1_fixed_assets_detail_5005026371,PARTIAL_SOURCE_FOUND,raw\Cải tiến nhập dữ liệu chung vào file MPnew 04.06.2026.xlsx,Sheet1,,row-level scan,fuzzy token: Cải tiến nhập tự động dữ liệu chung từ các file được cung cấp sẵn vào file Master Plan,not enough exact source-to-output monthly mapping for safe code generation,"Open candidate file/sheet/row and confirm account, CC 1412000040, Apr-Mar values, and output order.",NO,provide exact source row/cell and Apr-Mar values before coding
94,5005026371,master SSD作成用電源(5V-5A),,,C1_fixed_assets_detail_5005026371,PARTIAL_SOURCE_FOUND,raw\Cải tiến nhập dữ liệu chung vào file MPnew 04.06.2026.xlsx,Sheet1,,row-level scan,fuzzy token: Cải tiến nhập tự động dữ liệu chung từ các file được cung cấp sẵn vào file Master Plan,not enough exact source-to-output monthly mapping for safe code generation,"Open candidate file/sheet/row and confirm account, CC 1412000040, Apr-Mar values, and output order.",NO,provide exact source row/cell and Apr-Mar values before coding
95,5005026371,棚治具でほこり防止PVC(1.4x30x0.5m),,,C1_fixed_assets_detail_5005026371,SOURCE_NOT_FOUND,,,,row-level scan,no source hit,not enough exact source-to-output monthly mapping for safe code generation,"Open candidate file/sheet/row and confirm account, CC 1412000040, Apr-Mar values, and output order.",NO,provide exact source row/cell and Apr-Mar values before coding
96,5005026371,"Battery 9V(13,000)",,,C1_fixed_assets_detail_5005026371,PARTIAL_SOURCE_FOUND,raw\Cải tiến nhập dữ liệu chung vào file MPnew 04.06.2026.xlsx,Hạng mục cần cải tiến,,row-level scan,"fuzzy token: VD: phòng code 1412000006 = ROUND((11*3.19 + 12*11.51+1*153.91+2*2114.25+12*2.25)*26273,0)=120,399,175 (chi phí tổng ở sheet đầu tiên là 120,399,176)",not enough exact source-to-output monthly mapping for safe code generation,"Open candidate file/sheet/row and confirm account, CC 1412000040, Apr-Mar values, and output order.",NO,provide exact source row/cell and Apr-Mar values before coding
97,5005026371,"Pin Energizer AA(26,500/pcs)",,,C1_fixed_assets_detail_5005026371,PARTIAL_SOURCE_FOUND,raw\Cải tiến nhập dữ liệu chung vào file MPnew 04.06.2026.xlsx,勘定科目,,row-level scan,"fuzzy token: 5001016131 | 材料仕入割戻高 | Chi phí nguyên liệu, vật liệu trực tiếp | 材料費 | Chi phí nguyên vật liệu | 5001016131 | 2016年4月から追加する。",not enough exact source-to-output monthly mapping for safe code generation,"Open candidate file/sheet/row and confirm account, CC 1412000040, Apr-Mar values, and output order.",NO,provide exact source row/cell and Apr-Mar values before coding
98,5005026371,Master SSD購入品費,,,C1_fixed_assets_detail_5005026371,PARTIAL_SOURCE_FOUND,raw\Cải tiến nhập dữ liệu chung vào file MPnew 04.06.2026.xlsx,Sheet1,,row-level scan,fuzzy token: Cải tiến nhập tự động dữ liệu chung từ các file được cung cấp sẵn vào file Master Plan,not enough exact source-to-output monthly mapping for safe code generation,"Open candidate file/sheet/row and confirm account, CC 1412000040, Apr-Mar values, and output order.",NO,provide exact source row/cell and Apr-Mar values before coding
99,5005026371,Tablet Teclast X4,,,C1_fixed_assets_detail_5005026371,PARTIAL_SOURCE_FOUND,raw\固定資産情報_Fixed_Assets_Information_2025.11 - Nov.xlsx,Fixed assets list,,row-level scan,fuzzy token: 7212 | 170000417 | 0 | 170000417 | Tabletop sives shaker VSS-50 | 1412000012 | Factory (B/2F) | 1412000034 | T Manufacturing Sect | 1412000034 | T Manufacturing,not enough exact source-to-output monthly mapping for safe code generation,"Open candidate file/sheet/row and confirm account, CC 1412000040, Apr-Mar values, and output order.",NO,provide exact source row/cell and Apr-Mar values before coding
100,5005026371,Stick PC DX開発運用使用,,,C1_fixed_assets_detail_5005026371,PARTIAL_SOURCE_FOUND,raw\固定資産情報_Fixed_Assets_Information_2025.11 - Nov.xlsx,Fixed assets list,,row-level scan,fuzzy token: 7307 | 170000666 | 0 | 170000666 | 2LV-3002 MAGNET DLP BLADE STICKING JIG | 1412000006 | Factory (A/1F) | 1412000004 | Machi Manufact 1 Se | 1412000004 | Machi,not enough exact source-to-output monthly mapping for safe code generation,"Open candidate file/sheet/row and confirm account, CC 1412000040, Apr-Mar values, and output order.",NO,provide exact source row/cell and Apr-Mar values before coding
101,5005026371,Stick PC DX開発運用使用,,,C1_fixed_assets_detail_5005026371,PARTIAL_SOURCE_FOUND,raw\固定資産情報_Fixed_Assets_Information_2025.11 - Nov.xlsx,Fixed assets list,,row-level scan,fuzzy token: 7307 | 170000666 | 0 | 170000666 | 2LV-3002 MAGNET DLP BLADE STICKING JIG | 1412000006 | Factory (A/1F) | 1412000004 | Machi Manufact 1 Se | 1412000004 | Machi,not enough exact source-to-output monthly mapping for safe code generation,"Open candidate file/sheet/row and confirm account, CC 1412000040, Apr-Mar values, and output order.",NO,provide exact source row/cell and Apr-Mar values before coding
102,5005026371,Precision Scale/ Can dien tu co do chinh xac cao,=1*2148000,,C1_fixed_assets_detail_5005026371,PARTIAL_SOURCE_FOUND,raw\システム課金金額(Simulation)_FY2027_Apr.2026 ~ June.2026.xls,メール 明細,619,row-level scan,fuzzy token: tvn230578 | Phạm Văn Cảnh(Pham Van Canh) | canh.pv@dtvn.kyocera.com | メカ製造技術3課 | 1412000089.0 | 1.0,not enough exact source-to-output monthly mapping for safe code generation,"Open candidate file/sheet/row and confirm account, CC 1412000040, Apr-Mar values, and output order.",NO,provide exact source row/cell and Apr-Mar values before coding
103,5005026371,はんだ煙吸引機/May hut khoi han,,,C1_fixed_assets_detail_5005026371,PARTIAL_SOURCE_FOUND,raw\固定資産情報_Fixed_Assets_Information_2025.11 - Nov.xlsx,2025.11,,row-level scan,fuzzy token: No | 区分 Category | 資産№ Assets No | 資産テキスト Text | 品目コード Material Code | 取得日 | 耐用年数 Useful life | 管理責任原価センタ Control Cost Center | 管理責任原価センタ名 Control Cost Centre,not enough exact source-to-output monthly mapping for safe code generation,"Open candidate file/sheet/row and confirm account, CC 1412000040, Apr-Mar values, and output order.",NO,provide exact source row/cell and Apr-Mar values before coding
104,5005026371,熱風機/May kho khi,,,C1_fixed_assets_detail_5005026371,PARTIAL_SOURCE_FOUND,raw\Cải tiến nhập dữ liệu chung vào file MPnew 04.06.2026.xlsx,Sheet1,,row-level scan,"fuzzy token: ② Filter ""code tài khoản chịu chi phí"", ""tên tài khoản chịu chi phí"", ""ghi chú"" trong file MP đối tượng",not enough exact source-to-output monthly mapping for safe code generation,"Open candidate file/sheet/row and confirm account, CC 1412000040, Apr-Mar values, and output order.",NO,provide exact source row/cell and Apr-Mar values before coding
105,5005026371,HP PC購入( EMSで治具リモート使用),,,C1_fixed_assets_detail_5005026371,SOURCE_NOT_FOUND,,,,row-level scan,no source hit,not enough exact source-to-output monthly mapping for safe code generation,"Open candidate file/sheet/row and confirm account, CC 1412000040, Apr-Mar values, and output order.",NO,provide exact source row/cell and Apr-Mar values before coding
106,5005026371,Soldering iron sleeve/ Ong bao ve mo han,,,C1_fixed_assets_detail_5005026371,PARTIAL_SOURCE_FOUND,raw\システム課金金額(Simulation)_FY2027_Apr.2026 ~ June.2026.xls,VPN 明細,30,row-level scan,fuzzy token: TVN070407020 | Oi，Hironobu(大井宏信) | MD2課 | 1412000077.0 | 1.0 | 1.0 | 3.19 | 83811.0,not enough exact source-to-output monthly mapping for safe code generation,"Open candidate file/sheet/row and confirm account, CC 1412000040, Apr-Mar values, and output order.",NO,provide exact source row/cell and Apr-Mar values before coding
107,5005026371,HP PCのOS購入( EMSで治具リモート使用),,,C1_fixed_assets_detail_5005026371,SOURCE_NOT_FOUND,,,,row-level scan,no source hit,not enough exact source-to-output monthly mapping for safe code generation,"Open candidate file/sheet/row and confirm account, CC 1412000040, Apr-Mar values, and output order.",NO,provide exact source row/cell and Apr-Mar values before coding
108,5005026371,Mạch chuyển USB UART TTL FT232RL/中継基板USB UART TTL FT232RL,,,C1_fixed_assets_detail_5005026371,PARTIAL_SOURCE_FOUND,raw\Cải tiến nhập dữ liệu chung vào file MPnew 04.06.2026.xlsx,勘定科目,,row-level scan,fuzzy token: 5005076281 | 通関申告費用（製） | Chi phi dịch vụ mua ngoài | 荷造運賃 | Chi phí vận chuyển hàng hóa | 5005076281,not enough exact source-to-output monthly mapping for safe code generation,"Open candidate file/sheet/row and confirm account, CC 1412000040, Apr-Mar values, and output order.",NO,provide exact source row/cell and Apr-Mar values before coding
109,5005026371,A3画像検査装置開発用cable USB 3.0,,,C1_fixed_assets_detail_5005026371,PARTIAL_SOURCE_FOUND,raw\システム課金金額(Simulation)_FY2027_Apr.2026 ~ June.2026.xls,部門別サマリー(VND),3,row-level scan,fuzzy token: 機器製造1課 | 1412000004.0 | 5005246282.0 | 190508676.0 | 83811.0 | - | 5443240.0 | - | 68618245.0 | - | - | 264653972.0 | 26273.0,not enough exact source-to-output monthly mapping for safe code generation,"Open candidate file/sheet/row and confirm account, CC 1412000040, Apr-Mar values, and output order.",NO,provide exact source row/cell and Apr-Mar values before coding
110,5005026371,A3画像検査装置開発用カメラHD(C930e),,,C1_fixed_assets_detail_5005026371,SOURCE_NOT_FOUND,,,,row-level scan,no source hit,not enough exact source-to-output monthly mapping for safe code generation,"Open candidate file/sheet/row and confirm account, CC 1412000040, Apr-Mar values, and output order.",NO,provide exact source row/cell and Apr-Mar values before coding
111,5005026371,A3画像検査装置開発用カメラHD(C925e),,,C1_fixed_assets_detail_5005026371,SOURCE_NOT_FOUND,,,,row-level scan,no source hit,not enough exact source-to-output monthly mapping for safe code generation,"Open candidate file/sheet/row and confirm account, CC 1412000040, Apr-Mar values, and output order.",NO,provide exact source row/cell and Apr-Mar values before coding
112,5005026371,A3画像検査装置開発用Ardruno Nano,,,C1_fixed_assets_detail_5005026371,PARTIAL_SOURCE_FOUND,raw\固定資産情報_Fixed_Assets_Information_2025.11 - Nov.xlsx,Fixed assets list,,row-level scan,fuzzy token: 37 | 140000053 | 0 | 140000053 | Nano Scan Ns-SI/3.5/1.8 | 1412000006 | Factory (A/1F) | 1412000069 | Ind Engineer 2 Sec | 1412000004 | Machi Manufact 1 Se | 20,not enough exact source-to-output monthly mapping for safe code generation,"Open candidate file/sheet/row and confirm account, CC 1412000040, Apr-Mar values, and output order.",NO,provide exact source row/cell and Apr-Mar values before coding
113,5005026371,A3画像検査装置開発用USB Hub,,,C1_fixed_assets_detail_5005026371,SOURCE_NOT_FOUND,,,,row-level scan,no source hit,not enough exact source-to-output monthly mapping for safe code generation,"Open candidate file/sheet/row and confirm account, CC 1412000040, Apr-Mar values, and output order.",NO,provide exact source row/cell and Apr-Mar values before coding
114,5005026371,A3画像検査装置開発用USB cable A to B(50cm),,,C1_fixed_assets_detail_5005026371,PARTIAL_SOURCE_FOUND,raw\固定資産情報_Fixed_Assets_Information_2025.11 - Nov.xlsx,Fixed assets list,,row-level scan,fuzzy token: 586 | 160000484 | 0 | 160000484 | COVER CABLE | 1412000008 | Lend to Vendor | 1412000022 | Purch Management Sec | 1412000004 | Machi Manufact 1 Se | 2013-07-13,not enough exact source-to-output monthly mapping for safe code generation,"Open candidate file/sheet/row and confirm account, CC 1412000040, Apr-Mar values, and output order.",NO,provide exact source row/cell and Apr-Mar values before coding
115,5005026371,A3画像検査装置開発用Frame金属,,,C1_fixed_assets_detail_5005026371,SOURCE_NOT_FOUND,,,,row-level scan,no source hit,not enough exact source-to-output monthly mapping for safe code generation,"Open candidate file/sheet/row and confirm account, CC 1412000040, Apr-Mar values, and output order.",NO,provide exact source row/cell and Apr-Mar values before coding
116,5005026371,"VGA to HDMI 20 cmケーブル（150,000VND／pcs）Cuong＋Hung",,,C1_fixed_assets_detail_5005026371,SOURCE_NOT_FOUND,,,,row-level scan,no source hit,not enough exact source-to-output monthly mapping for safe code generation,"Open candidate file/sheet/row and confirm account, CC 1412000040, Apr-Mar values, and output order.",NO,provide exact source row/cell and Apr-Mar values before coding
117,5005026371,"充電器Cable/ HDMI 2M Ugreen 10202 購入 (370,000/pc)",,,C1_fixed_assets_detail_5005026371,SOURCE_NOT_FOUND,,,,row-level scan,no source hit,not enough exact source-to-output monthly mapping for safe code generation,"Open candidate file/sheet/row and confirm account, CC 1412000040, Apr-Mar values, and output order.",NO,provide exact source row/cell and Apr-Mar values before coding
118,5005026371,Name Tag(ナフ-10R),,,C1_fixed_assets_detail_5005026371,PARTIAL_SOURCE_FOUND,raw\Cải tiến nhập dữ liệu chung vào file MPnew 04.06.2026.xlsx,Chi phí phân bổ từ hành chính,,row-level scan,"fuzzy token: - Filter tên tài khoản ""福利厚生費"" (khung xanh dương ở trên) ở cột D ""JP_Name"" khung đỏ ở dưới",not enough exact source-to-output monthly mapping for safe code generation,"Open candidate file/sheet/row and confirm account, CC 1412000040, Apr-Mar values, and output order.",NO,provide exact source row/cell and Apr-Mar values before coding
119,5005026371,"DVDRW Asus (820,000/pc)",,,C1_fixed_assets_detail_5005026371,PARTIAL_SOURCE_FOUND,raw\Dự tính chi phí làm giấy tờ cho NNN FY2027.xlsx,FY2027,,row-level scan,"fuzzy token: =SUBTOTAL(3,$B$3:B3) | VN000128 | ASAKA HITOSHI | 1412000096 | 5005246286 | 3860000 | =130000+1820000+50000 | Phòng ESD 2",not enough exact source-to-output monthly mapping for safe code generation,"Open candidate file/sheet/row and confirm account, CC 1412000040, Apr-Mar values, and output order.",NO,provide exact source row/cell and Apr-Mar values before coding
120,5005026371,Wifi Router-FCTLogUp使用,,,C1_fixed_assets_detail_5005026371,PARTIAL_SOURCE_FOUND,raw\固定資産情報_Fixed_Assets_Information_2025.11 - Nov.xlsx,2025.11,,row-level scan,"fuzzy token: =SUBTOTAL(3,$B$5:B387) | MFG)MOLD | 160006179 | BRACKET WIFI (K30C0D02H2002MP+5+NEW) | 30C0D02H20 | 2024-01-17 00:00:00 | 002 | 1412000022 | Purch Management Se",not enough exact source-to-output monthly mapping for safe code generation,"Open candidate file/sheet/row and confirm account, CC 1412000040, Apr-Mar values, and output order.",NO,provide exact source row/cell and Apr-Mar values before coding
121,5005026371,ICベース 980020-48-P2,,,C1_fixed_assets_detail_5005026371,SOURCE_NOT_FOUND,,,,row-level scan,no source hit,not enough exact source-to-output monthly mapping for safe code generation,"Open candidate file/sheet/row and confirm account, CC 1412000040, Apr-Mar values, and output order.",NO,provide exact source row/cell and Apr-Mar values before coding
122,5005026371,RPA用のサーバーとして使用されるPC/May tinh dung lam may chu RPA,,,C1_fixed_assets_detail_5005026371,PARTIAL_SOURCE_FOUND,raw\システム課金金額(Simulation)_FY2027_Apr.2026 ~ June.2026.xls,メール 明細,474,row-level scan,fuzzy token: tvn130617 | Lê Văn Tình(Le Van Tinh) | tinh.lv@dtvn.kyocera.com | 製品管理課 | 1412000072.0 | 1.0,not enough exact source-to-output monthly mapping for safe code generation,"Open candidate file/sheet/row and confirm account, CC 1412000040, Apr-Mar values, and output order.",NO,provide exact source row/cell and Apr-Mar values before coding
123,5005026371,Tester Fluke 117購入,,,C1_fixed_assets_detail_5005026371,PARTIAL_SOURCE_FOUND,raw\固定資産情報_Fixed_Assets_Information_2025.11 - Nov.xlsx,2025.11,,row-level scan,"fuzzy token: =SUBTOTAL(3,$B$5:B710) | MFG)TOOLS FURNITURE AND FIXTURES | 170001983 | HIPOT TESTER TOS5302 FUSER PITOR | | 2023-03-30 00:00:00 | 003 | 1412000005 | Machi Man",not enough exact source-to-output monthly mapping for safe code generation,"Open candidate file/sheet/row and confirm account, CC 1412000040, Apr-Mar values, and output order.",NO,provide exact source row/cell and Apr-Mar values before coding
124,5005026371,帯電測定器（DZ4）購入:1台,,,C1_fixed_assets_detail_5005026371,SOURCE_NOT_FOUND,,,,row-level scan,no source hit,not enough exact source-to-output monthly mapping for safe code generation,"Open candidate file/sheet/row and confirm account, CC 1412000040, Apr-Mar values, and output order.",NO,provide exact source row/cell and Apr-Mar values before coding
125,5005026371,OPTセンサー反射測定治具,,,C1_fixed_assets_detail_5005026371,SOURCE_NOT_FOUND,,,,row-level scan,no source hit,not enough exact source-to-output monthly mapping for safe code generation,"Open candidate file/sheet/row and confirm account, CC 1412000040, Apr-Mar values, and output order.",NO,provide exact source row/cell and Apr-Mar values before coding
126,5005026371,"ND Filter6%(780,000)；ND Filter3%(780,000)",,,C1_fixed_assets_detail_5005026371,PARTIAL_SOURCE_FOUND,raw\Cải tiến nhập dữ liệu chung vào file MPnew 04.06.2026.xlsx,Hạng mục cần cải tiến,,row-level scan,"fuzzy token: VD: phòng code 1412000006 = ROUND((11*3.19 + 12*11.51+1*153.91+2*2114.25+12*2.25)*26273,0)=120,399,175 (chi phí tổng ở sheet đầu tiên là 120,399,176)",not enough exact source-to-output monthly mapping for safe code generation,"Open candidate file/sheet/row and confirm account, CC 1412000040, Apr-Mar values, and output order.",NO,provide exact source row/cell and Apr-Mar values before coding
127,5005026371,新人デスク(1set),,,C1_fixed_assets_detail_5005026371,SOURCE_NOT_FOUND,,,,row-level scan,no source hit,not enough exact source-to-output monthly mapping for safe code generation,"Open candidate file/sheet/row and confirm account, CC 1412000040, Apr-Mar values, and output order.",NO,provide exact source row/cell and Apr-Mar values before coding
128,5005026371,新入社員のMOUSE,,,C1_fixed_assets_detail_5005026371,SOURCE_NOT_FOUND,,,,row-level scan,no source hit,not enough exact source-to-output monthly mapping for safe code generation,"Open candidate file/sheet/row and confirm account, CC 1412000040, Apr-Mar values, and output order.",NO,provide exact source row/cell and Apr-Mar values before coding
129,5005026371,新人：PCのモニター＋マウス＋電源コード,,,C1_fixed_assets_detail_5005026371,SOURCE_NOT_FOUND,,,,row-level scan,no source hit,not enough exact source-to-output monthly mapping for safe code generation,"Open candidate file/sheet/row and confirm account, CC 1412000040, Apr-Mar values, and output order.",NO,provide exact source row/cell and Apr-Mar values before coding
130,5005026371,新人ノートパソコン購入,,,C1_fixed_assets_detail_5005026371,SOURCE_NOT_FOUND,,,,row-level scan,no source hit,not enough exact source-to-output monthly mapping for safe code generation,"Open candidate file/sheet/row and confirm account, CC 1412000040, Apr-Mar values, and output order.",NO,provide exact source row/cell and Apr-Mar values before coding
131,,スマホ,,,C_OTHER,SOURCE_NOT_FOUND,,,,row-level scan,no source hit,not enough exact source-to-output monthly mapping for safe code generation,"Open candidate file/sheet/row and confirm account, CC 1412000040, Apr-Mar values, and output order.",NO,provide exact source row/cell and Apr-Mar values before coding
132,5005116291,Partnerタクシー代,2300000,3000000,C4_travel_allocation,SOURCE_NOT_FOUND,,,,row-level scan,no source hit,not enough exact source-to-output monthly mapping for safe code generation,"Open candidate file/sheet/row and confirm account, CC 1412000040, Apr-Mar values, and output order.",NO,provide exact source row/cell and Apr-Mar values before coding
133,5005116291,宿泊出張費,,,C4_travel_allocation,SOURCE_NOT_FOUND,,,,row-level scan,no source hit,not enough exact source-to-output monthly mapping for safe code generation,"Open candidate file/sheet/row and confirm account, CC 1412000040, Apr-Mar values, and output order.",NO,provide exact source row/cell and Apr-Mar values before coding
134,5005116291,Partner出張日当,2710000,170000,C4_travel_allocation,SOURCE_NOT_FOUND,,,,row-level scan,no source hit,not enough exact source-to-output monthly mapping for safe code generation,"Open candidate file/sheet/row and confirm account, CC 1412000040, Apr-Mar values, and output order.",NO,provide exact source row/cell and Apr-Mar values before coding
135,5005116291,出張食事代,3920000,280000,C4_travel_allocation,TEMPLATE_ONLY,raw\FORM.xlsx,内訳ﾘｽﾄ(4～3月),,row-level scan,"exact description: 5005116291 | =IFERROR(IF(VLOOKUP($B150,勘定科目!$A:$H,HLOOKUP($E$5,勘定科目!$F$1:$H$2,2,0),0)="""","""",VLOOKUP($B150,勘定科目!$A:$E,2,0)),"""") | =IF(C150="""","""",VLOOKUP($B150,勘定",not enough exact source-to-output monthly mapping for safe code generation,"Open candidate file/sheet/row and confirm account, CC 1412000040, Apr-Mar values, and output order.",NO,provide exact source row/cell and Apr-Mar values before coding
136,5005116291,Vendor出張日当('16/1～'17/8月分),,,C4_travel_allocation,TEMPLATE_ONLY,docs\MP2027\old\FORM_old.xlsx,内訳ﾘｽﾄ(4～3月),,row-level scan,"account + fuzzy token: 5005116291 | =IFERROR(IF(VLOOKUP($B129,勘定科目!$A:$H,HLOOKUP($E$5,勘定科目!$F$1:$H$2,2,0),0)="""","""",VLOOKUP($B129,勘定科目!$A:$E,2,0)),"""") | =IF(C129="""","""",VLOOKUP($B129,勘定",not enough exact source-to-output monthly mapping for safe code generation,"Open candidate file/sheet/row and confirm account, CC 1412000040, Apr-Mar values, and output order.",NO,provide exact source row/cell and Apr-Mar values before coding
137,5005116291,出張食事代(2～8月分+出張時'16/1～'17/1月),,,C4_travel_allocation,TEMPLATE_ONLY,raw\FORM.xlsx,内訳ﾘｽﾄ(4～3月),,row-level scan,"account + fuzzy token: 5005116291 | =IFERROR(IF(VLOOKUP($B150,勘定科目!$A:$H,HLOOKUP($E$5,勘定科目!$F$1:$H$2,2,0),0)="""","""",VLOOKUP($B150,勘定科目!$A:$E,2,0)),"""") | =IF(C150="""","""",VLOOKUP($B150,勘定",not enough exact source-to-output monthly mapping for safe code generation,"Open candidate file/sheet/row and confirm account, CC 1412000040, Apr-Mar values, and output order.",NO,provide exact source row/cell and Apr-Mar values before coding
138,5005116291,安全重要部品監査出張の日当＋食事(HCMへ出張、KDC負担),,,C4_travel_allocation,SOURCE_NOT_FOUND,,,,row-level scan,no source hit,not enough exact source-to-output monthly mapping for safe code generation,"Open candidate file/sheet/row and confirm account, CC 1412000040, Apr-Mar values, and output order.",NO,provide exact source row/cell and Apr-Mar values before coding
139,5005116291,安全重要部品監査出張の日当＋食事(HCMへ出張、KDC負担Debit),,,C4_travel_allocation,SOURCE_NOT_FOUND,,,,row-level scan,no source hit,not enough exact source-to-output monthly mapping for safe code generation,"Open candidate file/sheet/row and confirm account, CC 1412000040, Apr-Mar values, and output order.",NO,provide exact source row/cell and Apr-Mar values before coding
140,5005116291,宿泊出張費(Iris2020),,,C4_travel_allocation,PARTIAL_SOURCE_FOUND,raw\固定資産情報_Fixed_Assets_Information_2025.11 - Nov.xlsx,2025.11,,row-level scan,"fuzzy token: =SUBTOTAL(3,$B$5:B697) | MFG)TOOLS FURNITURE AND FIXTURES | 170001954 | DRY CABINET FOR DP IRIS2020 LINE | | 2022-11-15 00:00:00 | 003 | 1412000081 | Machi Man",not enough exact source-to-output monthly mapping for safe code generation,"Open candidate file/sheet/row and confirm account, CC 1412000040, Apr-Mar values, and output order.",NO,provide exact source row/cell and Apr-Mar values before coding
141,5005116291,空港〈=>会社 Taxi,,,C4_travel_allocation,PARTIAL_SOURCE_FOUND,raw\FY2027配賦額一覧 (2025.12.29).xlsx,配賦額一覧,,row-level scan,account + fuzzy token: タクシー代 Phí taxi nội địa | 国内交通費 | 5005116291 | 6005116654 | 6005116551 | - | - | 前月16日～当月15日分を翌月に振替する Phân bổ chi phí từ ngày 16 tháng trước đến ngày 15 tháng h,not enough exact source-to-output monthly mapping for safe code generation,"Open candidate file/sheet/row and confirm account, CC 1412000040, Apr-Mar values, and output order.",NO,provide exact source row/cell and Apr-Mar values before coding
142,5005116291,本社へ出張飛行Air Ticket,,,C4_travel_allocation,SOURCE_NOT_FOUND,,,,row-level scan,no source hit,not enough exact source-to-output monthly mapping for safe code generation,"Open candidate file/sheet/row and confirm account, CC 1412000040, Apr-Mar values, and output order.",NO,provide exact source row/cell and Apr-Mar values before coding
143,5005116291,日本語受験のタクシー代,,800000,C4_travel_allocation,TEMPLATE_ONLY,docs\MP2027\old\FORM_old.xlsx,内訳ﾘｽﾄ(4～3月),,row-level scan,"exact description: 5005116291 | =IFERROR(IF(VLOOKUP($B128,勘定科目!$A:$H,HLOOKUP($E$5,勘定科目!$F$1:$H$2,2,0),0)="""","""",VLOOKUP($B128,勘定科目!$A:$E,2,0)),"""") | =IF(C128="""","""",VLOOKUP($B128,勘定",not enough exact source-to-output monthly mapping for safe code generation,"Open candidate file/sheet/row and confirm account, CC 1412000040, Apr-Mar values, and output order.",NO,provide exact source row/cell and Apr-Mar values before coding
144,5005116291,労働許可証取得のタクシー費,,,C4_travel_allocation,SOURCE_NOT_FOUND,,,,row-level scan,no source hit,not enough exact source-to-output monthly mapping for safe code generation,"Open candidate file/sheet/row and confirm account, CC 1412000040, Apr-Mar values, and output order.",NO,provide exact source row/cell and Apr-Mar values before coding
146,5005116292,AIR代(日本出張)発券日の翌月振替,,,C4_travel_allocation,PARTIAL_SOURCE_FOUND,raw\FY2027配賦額一覧 (2025.12.29).xlsx,配賦額一覧,,row-level scan,account + fuzzy token: エアーチケット Vé máy bay | 渡航費 | 5005116292 | 6005116655 | 6005116552 | - | - | 発券日の翌月振替 Phân bổ vào tháng kế tiếp sau khi xuất vé ※特別便のみ、発券月に振替 Chỉ các chuyến bay đặ,not enough exact source-to-output monthly mapping for safe code generation,"Open candidate file/sheet/row and confirm account, CC 1412000040, Apr-Mar values, and output order.",NO,provide exact source row/cell and Apr-Mar values before coding
147,5005116292,日当(日本出張),,,C4_travel_allocation,TEMPLATE_ONLY,docs\MP2027\old\FORM_old.xlsx,内訳ﾘｽﾄ(4～3月),,row-level scan,"account + fuzzy token: 5005116292 | =IFERROR(IF(VLOOKUP($B139,勘定科目!$A:$H,HLOOKUP($E$5,勘定科目!$F$1:$H$2,2,0),0)="""","""",VLOOKUP($B139,勘定科目!$A:$E,2,0)),"""") | =IF(C139="""","""",VLOOKUP($B139,勘定",not enough exact source-to-output monthly mapping for safe code generation,"Open candidate file/sheet/row and confirm account, CC 1412000040, Apr-Mar values, and output order.",NO,provide exact source row/cell and Apr-Mar values before coding
148,5005116292,宿泊費(日本出張),,,C4_travel_allocation,TEMPLATE_ONLY,raw\FORM.xlsx,内訳ﾘｽﾄ(4～3月),,row-level scan,"account + fuzzy token: 5005116292 | =IFERROR(IF(VLOOKUP($B159,勘定科目!$A:$H,HLOOKUP($E$5,勘定科目!$F$1:$H$2,2,0),0)="""","""",VLOOKUP($B159,勘定科目!$A:$E,2,0)),"""") | =IF(C159="""","""",VLOOKUP($B159,勘定",not enough exact source-to-output monthly mapping for safe code generation,"Open candidate file/sheet/row and confirm account, CC 1412000040, Apr-Mar values, and output order.",NO,provide exact source row/cell and Apr-Mar values before coding
149,5005116292,その他旅費(電話：50*2=100元、石龍-広州：380元),,,C4_travel_allocation,SOURCE_NOT_FOUND,,,,row-level scan,no source hit,not enough exact source-to-output monthly mapping for safe code generation,"Open candidate file/sheet/row and confirm account, CC 1412000040, Apr-Mar values, and output order.",NO,provide exact source row/cell and Apr-Mar values before coding
150,5005116292,保険代,,,C4_travel_allocation,EXACT_SOURCE_FOUND,raw\FY2027配賦額一覧 (2025.12.29).xlsx,配賦額一覧,,row-level scan,exact description: 海外渡航保険代 Bảo hiểm nước ngoài | 渡航費 | 5005116292 | 6005116655 | 6005116552 | - | - | 保険証を渡した月に振替（ローカル社員） Phân bổ vào tháng đã trao bảo hiểm (Cho nhân viên địa phư,not enough exact source-to-output monthly mapping for safe code generation,"Open candidate file/sheet/row and confirm account, CC 1412000040, Apr-Mar values, and output order.",NO,verify source row has CC 1412000040 and monthly values; then plan implementation
151,5005116292,VISA申請費用,,,C4_travel_allocation,SOURCE_NOT_FOUND,,,,row-level scan,no source hit,not enough exact source-to-output monthly mapping for safe code generation,"Open candidate file/sheet/row and confirm account, CC 1412000040, Apr-Mar values, and output order.",NO,provide exact source row/cell and Apr-Mar values before coding
152,5005116292,VISA用 写真(The),,,C4_travel_allocation,PARTIAL_SOURCE_FOUND,raw\Cải tiến nhập dữ liệu chung vào file MPnew 04.06.2026.xlsx,Sheet1,,row-level scan,fuzzy token: ③ Nhập dữ liệu từ mục ① vào ② (theo công thức hoặc paster nguyên số),not enough exact source-to-output monthly mapping for safe code generation,"Open candidate file/sheet/row and confirm account, CC 1412000040, Apr-Mar values, and output order.",NO,provide exact source row/cell and Apr-Mar values before coding
153,5005116292,Hai phong <=> Noi Bai,,,C4_travel_allocation,PARTIAL_SOURCE_FOUND,raw\FY2027配賦額一覧 (2025.12.29).xlsx,配賦額一覧,,row-level scan,fuzzy token: 健康診断（ローカル） Khám sức khỏe (cho CNV nữ) | 福利厚生費 | 5004086291 | 6004086651 | 6004086551 | 12月 | 170100 | /人 女性 | 受診者人数に応じて発生した月に振替します。対象者は7月1日の前の入社員です。 Phân bổ the,not enough exact source-to-output monthly mapping for safe code generation,"Open candidate file/sheet/row and confirm account, CC 1412000040, Apr-Mar values, and output order.",NO,provide exact source row/cell and Apr-Mar values before coding
154,5005116292,一時帰国の経費計上間違い振替,,,C4_travel_allocation,SOURCE_NOT_FOUND,,,,row-level scan,no source hit,not enough exact source-to-output monthly mapping for safe code generation,"Open candidate file/sheet/row and confirm account, CC 1412000040, Apr-Mar values, and output order.",NO,provide exact source row/cell and Apr-Mar values before coding
155,5005116292,大使館の手数料,,,C4_travel_allocation,TEMPLATE_ONLY,raw\FORM.xlsx,内訳ﾘｽﾄ(4～3月),,row-level scan,"exact description: 5005116292 | =IFERROR(IF(VLOOKUP($B158,勘定科目!$A:$H,HLOOKUP($E$5,勘定科目!$F$1:$H$2,2,0),0)="""","""",VLOOKUP($B158,勘定科目!$A:$E,2,0)),"""") | =IF(C158="""","""",VLOOKUP($B158,勘定",not enough exact source-to-output monthly mapping for safe code generation,"Open candidate file/sheet/row and confirm account, CC 1412000040, Apr-Mar values, and output order.",NO,provide exact source row/cell and Apr-Mar values before coding
156,5005116292,,,,C4_travel_allocation,SOURCE_NOT_FOUND,,,,row-level scan,no source hit,not enough exact source-to-output monthly mapping for safe code generation,"Open candidate file/sheet/row and confirm account, CC 1412000040, Apr-Mar values, and output order.",NO,provide exact source row/cell and Apr-Mar values before coding
158,5005056281,ガス代,=18*39309,=19*44420,C_OTHER,EXACT_SOURCE_FOUND,raw\Cải tiến nhập dữ liệu chung vào file MPnew 04.06.2026.xlsx,勘定科目,,row-level scan,"exact description: 5005056281 | ガス代（製） | Chi phi dịch vụ mua ngoài | 水道光熱費 | Chi phí Utilities(điện,nước..) | 5005056281",not enough exact source-to-output monthly mapping for safe code generation,"Open candidate file/sheet/row and confirm account, CC 1412000040, Apr-Mar values, and output order.",NO,verify source row has CC 1412000040 and monthly values; then plan implementation
159,5005066281,電気代,1577160,1203521,C_OTHER,EXACT_SOURCE_FOUND,raw\Cải tiến nhập dữ liệu chung vào file MPnew 04.06.2026.xlsx,勘定科目,,row-level scan,"exact description: 5005066281 | 電気代（製） | Chi phi dịch vụ mua ngoài | 水道光熱費 | Chi phí Utilities(điện,nước..) | 5005066281",not enough exact source-to-output monthly mapping for safe code generation,"Open candidate file/sheet/row and confirm account, CC 1412000040, Apr-Mar values, and output order.",NO,verify source row has CC 1412000040 and monthly values; then plan implementation
160,5005066282,水道代,529671,637935,C_OTHER,EXACT_SOURCE_FOUND,raw\Cải tiến nhập dữ liệu chung vào file MPnew 04.06.2026.xlsx,勘定科目,,row-level scan,"exact description: 5005066282 | 水道代（製） | Chi phi dịch vụ mua ngoài | 水道光熱費 | Chi phí Utilities(điện,nước..) | 5005066282",not enough exact source-to-output monthly mapping for safe code generation,"Open candidate file/sheet/row and confirm account, CC 1412000040, Apr-Mar values, and output order.",NO,verify source row has CC 1412000040 and monthly values; then plan implementation
162,5005046281,Flash Programmer (model FP-40),,,C3_tools_fixed_assets_5005046281,PARTIAL_SOURCE_FOUND,raw\固定資産情報_Fixed_Assets_Information_2025.11 - Nov.xlsx,Fixed assets list,,row-level scan,fuzzy token: 83 | 140000101 | 0 | 140000101 | MuCell SCF System T-200 Model 450Ton | 1412000011 | Factory (B/1F) | 1412000056 | Parts Manufactur Sec | 1412000056 | Parts Man,not enough exact source-to-output monthly mapping for safe code generation,"Open candidate file/sheet/row and confirm account, CC 1412000040, Apr-Mar values, and output order.",NO,provide exact source row/cell and Apr-Mar values before coding
163,5005046281,FP-10予備 （FP-10 Cortex-M3-INT）,,,C3_tools_fixed_assets_5005046281,PARTIAL_SOURCE_FOUND,raw\source_file_order.csv,csv,2,row-level scan,"fuzzy token: 1,facility,施設課 MPFY2027.xlsx,1,Facility depreciation interest electric water source",not enough exact source-to-output monthly mapping for safe code generation,"Open candidate file/sheet/row and confirm account, CC 1412000040, Apr-Mar values, and output order.",NO,provide exact source row/cell and Apr-Mar values before coding
164,5005046281,治具PC用の予備Hard disk/充電器cable,,,C3_tools_fixed_assets_5005046281,SOURCE_NOT_FOUND,,,,row-level scan,no source hit,not enough exact source-to-output monthly mapping for safe code generation,"Open candidate file/sheet/row and confirm account, CC 1412000040, Apr-Mar values, and output order.",NO,provide exact source row/cell and Apr-Mar values before coding
165,5005046281,"半田ゴテ FM2028-01 960,000VND",,,C3_tools_fixed_assets_5005046281,PARTIAL_SOURCE_FOUND,raw\システム課金金額(Simulation)_FY2027_Apr.2026 ~ June.2026.xls,部門別サマリー(VND),41,row-level scan,fuzzy token: 工程品質管理4課 | 1412000075.0 | 5005246282.0 | - | - | - | 2116816.0 | 4043677.0 | - | - | 59114.0 | 6219607.0,not enough exact source-to-output monthly mapping for safe code generation,"Open candidate file/sheet/row and confirm account, CC 1412000040, Apr-Mar values, and output order.",NO,provide exact source row/cell and Apr-Mar values before coding
166,5005046281,"JIGのhinge(TH-91) 416,000VND",,,C3_tools_fixed_assets_5005046281,PARTIAL_SOURCE_FOUND,raw\Cải tiến nhập dữ liệu chung vào file MPnew 04.06.2026.xlsx,Chi phí sinh nhật,,row-level scan,"fuzzy token: Công thức = (2 người(trong file ở đầu) + 1 người mới )* 152,000VND",not enough exact source-to-output monthly mapping for safe code generation,"Open candidate file/sheet/row and confirm account, CC 1412000040, Apr-Mar values, and output order.",NO,provide exact source row/cell and Apr-Mar values before coding
167,5005046281,静電気防止ストラップ,,,C3_tools_fixed_assets_5005046281,SOURCE_NOT_FOUND,,,,row-level scan,no source hit,not enough exact source-to-output monthly mapping for safe code generation,"Open candidate file/sheet/row and confirm account, CC 1412000040, Apr-Mar values, and output order.",NO,provide exact source row/cell and Apr-Mar values before coding
168,5005046281,Tonerセンサー半田ゴテ先,,,C3_tools_fixed_assets_5005046281,SOURCE_NOT_FOUND,,,,row-level scan,no source hit,not enough exact source-to-output monthly mapping for safe code generation,"Open candidate file/sheet/row and confirm account, CC 1412000040, Apr-Mar values, and output order.",NO,provide exact source row/cell and Apr-Mar values before coding
169,5005046281,"治具のSpring(25,871vnd)",,,C3_tools_fixed_assets_5005046281,SOURCE_NOT_FOUND,,,,row-level scan,no source hit,not enough exact source-to-output monthly mapping for safe code generation,"Open candidate file/sheet/row and confirm account, CC 1412000040, Apr-Mar values, and output order.",NO,provide exact source row/cell and Apr-Mar values before coding
170,5005046281,FT CIS connectのFFC(2$),,,C3_tools_fixed_assets_5005046281,PARTIAL_SOURCE_FOUND,raw\固定資産情報_Fixed_Assets_Information_2025.11 - Nov.xlsx,2025.11,,row-level scan,"fuzzy token: =SUBTOTAL(3,$B$5:B147) | MFG)MOLD | 160005657 | HOLDER CIS (K30C0D1710001MP+502+NEW) | 30C0D17100 | 2024-02-23 00:00:00 | 002 | 1412000022 | Purch Management Se",not enough exact source-to-output monthly mapping for safe code generation,"Open candidate file/sheet/row and confirm account, CC 1412000040, Apr-Mar values, and output order.",NO,provide exact source row/cell and Apr-Mar values before coding
171,5005046281,ROMライター実装ベンダ支給用TEF003-48TS(FSG),,,C3_tools_fixed_assets_5005046281,SOURCE_NOT_FOUND,,,,row-level scan,no source hit,not enough exact source-to-output monthly mapping for safe code generation,"Open candidate file/sheet/row and confirm account, CC 1412000040, Apr-Mar values, and output order.",NO,provide exact source row/cell and Apr-Mar values before coding
172,5005046281,brazil FAX DL 治具改造のPart,,,C3_tools_fixed_assets_5005046281,PARTIAL_SOURCE_FOUND,raw\固定資産情報_Fixed_Assets_Information_2025.11 - Nov.xlsx,2025.11,,row-level scan,"fuzzy token: =SUBTOTAL(3,$B$5:B986) | MFG)TOOLS FURNITURE AND FIXTURES | 170002266 | THIET BI DO THONG MACH CHIU AP 6THA3 BRAZIL | | 2024-04-25 00:00:00 | 003 | 1412000084",not enough exact source-to-output monthly mapping for safe code generation,"Open candidate file/sheet/row and confirm account, CC 1412000040, Apr-Mar values, and output order.",NO,provide exact source row/cell and Apr-Mar values before coding
173,5005046281,Tonerセンサー半田ゴテ先のPIN(20pcs日本から発送),,,C3_tools_fixed_assets_5005046281,SOURCE_NOT_FOUND,,,,row-level scan,no source hit,not enough exact source-to-output monthly mapping for safe code generation,"Open candidate file/sheet/row and confirm account, CC 1412000040, Apr-Mar values, and output order.",NO,provide exact source row/cell and Apr-Mar values before coding
